<?xml version="1.0" encoding="utf-8"?>
<Context ColorSet="Beige_Black_Alpha" Font="TwCenMT22" FontStyle="Shadow" Name="MainMenu" >

	<!-- Overall Screen Container -->
	<Container Anchor="C,C" Size="Full,Full" ID="MainMenuScreenUI" >
		<Image Anchor="R,T" Offset="0,0"  Size="630,200" Texture="CivilzationV_Logo.dds" ID="Civ5Logo" Hidden="0" />

		<Grid Size="480,480" Anchor="C,C" Offset="0.32" Padding="0,0" Style="Grid9Detail140" >

			<Box Color="Black.200" Anchor="C,T" Offset="0.44" Size="320.393" Hidden="0" >
				<Grid Size="48,393" Anchor="L,T" AnchorSide="O.I" Offset="0.0" Padding="0,0" Style="WindowGrid" />
				<Grid Size="48,393" Anchor="R,T" AnchorSide="O.I" Offset="0.0" Padding="0,0" Style="WindowGrid" />
			</Box>

			<Image Anchor="C,T" Offset="0,-33" AnchorSide="O.O"  Texture="Assets/UI/Art/Controls/topframe.dds" Size="512,128" />
			<Image Anchor="C,B" Offset="0,-109" AnchorSide="O.O"  Texture="Assets/UI/Art/Controls/bottomframe.dds" Size="512,128" />

			<Stack Anchor="C,T" Offset="0,54" Padding="0" StackGrowth="Bottom" ID="MainStack" >
				<GridButton Anchor="C,T" ID="LatestNewsButton"  Size="320,45"    Style="ZoomButton" String="TXT_KEY_LATEST_NEWS" ToolTip="TXT_KEY_LATEST_NEWS_TT"  >
					<ShowOnMouseOver>
						<AlphaAnim Anchor="L,T" Size="320,48" Pause="0" Cycle="Bounce" Speed="1" AlphaStart="1.5" AlphaEnd="1">
							<Grid   Size="320,48" Offset="0,-2" Padding="0,0" Style="Grid9FrameTurnsHL" />
						</AlphaAnim>
						<AlphaAnim Anchor="L,T" Size="320,48" Pause="0" Cycle="Once" Speed="1" AlphaStart=".2" AlphaEnd="0">
							<Image Anchor="R,C" Offset="0,0" AnchorSide="O.I" Texture="Assets/UI/Art/WorldView/WindowGlowRight.dds" Size="42,86" />
							<Image Anchor="L,C" Offset="0,0" AnchorSide="O.I" Texture="Assets/UI/Art/WorldView/WindowGlowLeft.dds" Size="42,86" />
						</AlphaAnim>

					</ShowOnMouseOver>
				</GridButton>

				<GridButton Anchor="C,T" ID="CivilopediaButton"  Size="320,45"    Style="ZoomButton" String="TXT_KEY_CIVILOPEDIA" ToolTip="TXT_KEY_CIVILOPEDIA_TOOLTIP"  >
					<ShowOnMouseOver>
						<AlphaAnim Anchor="L,T" Size="320,48" Pause="0" Cycle="Bounce" Speed="1" AlphaStart="1.5" AlphaEnd="1">
							<Grid   Size="320,48" Offset="0,-2" Padding="0,0" Style="Grid9FrameTurnsHL" />
						</AlphaAnim>
						<AlphaAnim Anchor="L,T" Size="320,48" Pause="0" Cycle="Once" Speed="1" AlphaStart=".2" AlphaEnd="0">
							<Image Anchor="R,C" Offset="0,0" AnchorSide="O.I" Texture="Assets/UI/Art/WorldView/WindowGlowRight.dds" Size="42,86" />
							<Image Anchor="L,C" Offset="0,0" AnchorSide="O.I" Texture="Assets/UI/Art/WorldView/WindowGlowLeft.dds" Size="42,86" />
						</AlphaAnim>

					</ShowOnMouseOver>
					<Image Anchor="C,T" AnchorSide="I.O" Offset="0,0" Texture="bar300x2.dds" Size="300.1" />
				</GridButton>

				<GridButton Anchor="C,T" ID="HallOfFameButton"  Size="320,45"    Style="ZoomButton" String="TXT_KEY_HALL_OF_FAME" ToolTip="TXT_KEY_HALL_OF_FAME_TT"  >
					<ShowOnMouseOver>
						<AlphaAnim Anchor="L,T" Size="320,48" Pause="0" Cycle="Bounce" Speed="1" AlphaStart="1.5" AlphaEnd="1">
							<Grid   Size="320,48" Offset="0,-2" Padding="0,0" Style="Grid9FrameTurnsHL" />
						</AlphaAnim>
						<AlphaAnim Anchor="L,T" Size="320,48" Pause="0" Cycle="Once" Speed="1" AlphaStart=".2" AlphaEnd="0">
							<Image Anchor="R,C" Offset="0,0" AnchorSide="O.I" Texture="Assets/UI/Art/WorldView/WindowGlowRight.dds" Size="42,86" />
							<Image Anchor="L,C" Offset="0,0" AnchorSide="O.I" Texture="Assets/UI/Art/WorldView/WindowGlowLeft.dds" Size="42,86" />
						</AlphaAnim>

					</ShowOnMouseOver>
					<Image Anchor="C,T" AnchorSide="I.O" Offset="0,0" Texture="bar300x2.dds" Size="300.1" />
				</GridButton>

				<GridButton Anchor="C,T" ID="ViewReplaysButton"  Size="320,45"    Style="ZoomButton" String="TXT_KEY_OTHER_MENU_VIEW_REPLAYS" ToolTip="TXT_KEY_OTHER_MENU_VIEW_REPLAYS_TT"  >
					<ShowOnMouseOver>
						<AlphaAnim Anchor="L,T" Size="320,48" Pause="0" Cycle="Bounce" Speed="1" AlphaStart="1.5" AlphaEnd="1">
							<Grid   Size="320,48" Offset="0,-2" Padding="0,0" Style="Grid9FrameTurnsHL" />
						</AlphaAnim>
						<AlphaAnim Anchor="L,T" Size="320,48" Pause="0" Cycle="Once" Speed="1" AlphaStart=".2" AlphaEnd="0">
							<Image Anchor="R,C" Offset="0,0" AnchorSide="O.I" Texture="Assets/UI/Art/WorldView/WindowGlowRight.dds" Size="42,86" />
							<Image Anchor="L,C" Offset="0,0" AnchorSide="O.I" Texture="Assets/UI/Art/WorldView/WindowGlowLeft.dds" Size="42,86" />
						</AlphaAnim>

					</ShowOnMouseOver>
					<Image Anchor="C,T" AnchorSide="I.O" Offset="0,0" Texture="bar300x2.dds" Size="300.1" />
				</GridButton>


				<GridButton Anchor="C,T" ID="CreditsButton"  Size="320,45"    Style="ZoomButton" String="TXT_KEY_CREDITS" ToolTip="TXT_KEY_CREDITS_TT"  >
					<ShowOnMouseOver>
						<AlphaAnim Anchor="L,T" Size="320,48" Pause="0" Cycle="Bounce" Speed="1" AlphaStart="1.5" AlphaEnd="1">
							<Grid   Size="320,48" Offset="0,-2" Padding="0,0" Style="Grid9FrameTurnsHL" />
						</AlphaAnim>
						<AlphaAnim Anchor="L,T" Size="320,48" Pause="0" Cycle="Once" Speed="1" AlphaStart=".2" AlphaEnd="0">
							<Image Anchor="R,C" Offset="0,0" AnchorSide="O.I" Texture="Assets/UI/Art/WorldView/WindowGlowRight.dds" Size="42,86" />
							<Image Anchor="L,C" Offset="0,0" AnchorSide="O.I" Texture="Assets/UI/Art/WorldView/WindowGlowLeft.dds" Size="42,86" />
						</AlphaAnim>

					</ShowOnMouseOver>
					<Image Anchor="C,T" AnchorSide="I.O" Offset="0,0" Texture="bar300x2.dds" Size="300.1" />
				</GridButton>

        <GridButton Anchor="C,T" ID="LeaderboardButton"  Size="320,45"    Style="ZoomButton" String="TXT_KEY_LEADERBOARD" ToolTip="TXT_KEY_LEADERBOARD_TT"  >
          <ShowOnMouseOver>
            <AlphaAnim Anchor="L,T" Size="320,48" Pause="0" Cycle="Bounce" Speed="1" AlphaStart="1.5" AlphaEnd="1">
              <Grid   Size="320,48" Offset="0,-2" Padding="0,0" Style="Grid9FrameTurnsHL" />
            </AlphaAnim>
            <AlphaAnim Anchor="L,T" Size="320,48" Pause="0" Cycle="Once" Speed="1" AlphaStart=".2" AlphaEnd="0">
              <Image Anchor="R,C" Offset="0,0" AnchorSide="O.I" Texture="Assets/UI/Art/WorldView/WindowGlowRight.dds" Size="42,86" />
              <Image Anchor="L,C" Offset="0,0" AnchorSide="O.I" Texture="Assets/UI/Art/WorldView/WindowGlowLeft.dds" Size="42,86" />
            </AlphaAnim>

          </ShowOnMouseOver>
          <Image Anchor="C,T" AnchorSide="I.O" Offset="0,0" Texture="bar300x2.dds" Size="300.1" />
        </GridButton>
			</Stack>

			<GridButton Anchor="C,B" ID="BackButton" Offset="0,60" Size="320,45" Style="ZoomButton" String="TXT_KEY_MODDING_MENU_BACK" >
				<ShowOnMouseOver>
					<AlphaAnim Anchor="L,T" Size="320,48" Pause="0" Cycle="Bounce" Speed="1" AlphaStart="1.5" AlphaEnd="1">
						<Grid   Size="320,48" Offset="0,-2" Padding="0,0" Style="Grid9FrameTurnsHL" />
					</AlphaAnim>


					<AlphaAnim Anchor="L,T" Size="320,48" Pause="0" Cycle="Once" Speed="1" AlphaStart=".1" AlphaEnd="0">
						<Image Anchor="R,C" Offset="0,0" AnchorSide="O.I" Texture="Assets/UI/Art/WorldView/WindowGlowRight.dds" Size="42,86" />
						<Image Anchor="L,C" Offset="0,0" AnchorSide="O.I" Texture="Assets/UI/Art/WorldView/WindowGlowLeft.dds" Size="42,86" />
					</AlphaAnim>


				</ShowOnMouseOver>

				<Image Anchor="C,T" AnchorSide="I.O" Offset="0,0" Texture="bar300x2.dds" Size="300.1" />
			</GridButton>


			<Image Anchor="C,T" Offset="-184,44"  Texture="Assets/UI/Art/WorldView/WindowTrimLeft.dds" Size="98,394" />
			<Image Anchor="C,T" Offset="184,44"  Texture="Assets/UI/Art/WorldView/WindowTrimRight.dds" Size="98,394" />


		</Grid>

	</Container>

	<!-- Child Screens -->
	<LuaContext FileName="Assets/UI/FrontEnd/LatestNews" ID="LatestNews" Hidden="1" DeferLoad="1"/>
	<LuaContext FileName="Assets/UI/Civilopedia/CivilopediaScreen" ID="Civilopedia" Hidden="1" DeferLoad="1"/>
	<LuaContext FileName="Assets/UI/InGame/Popups/HallOfFame" ID="HallOfFame" Hidden="1" DeferLoad="1" />
	<LuaContext FileName="Assets/UI/InGame/Popups/Leaderboard" ID="Leaderboard" Hidden="1" DeferLoad="1" />
	<LuaContext FileName="Assets/UI/FrontEnd/LoadReplayMenu" ID="LoadReplayMenu" Hidden="1" DeferLoad="1" />
	<LuaContext FileName="Assets/UI/FrontEnd/Credits" ID="Credits" Hidden="1" DeferLoad="1" />

</Context>
