<?xml version="1.0" encoding="utf-8"?>
<Context ColorSet="Beige_Black_Alpha" FontStyle="Shadow" Font="TwCenMT16" >


    <ScrollPanel Anchor="L,T" Size="232,200" Offset="0,200" Vertical="1" ID="MPListScroll" Hidden="0" >
        
        <Stack StackGrowth="Bottom" Anchor="R,T" ID="MPListStack" />
        
        <ScrollBar  Offset="0,0" Style="VertSlider"      Anchor="R,C"   AnchorSide="o,i"    ID="ScrollBar"/>
        <UpButton   Offset="0,0" Style="ScrollBarUp"     Anchor="R,T"   AnchorSide="o,i"    ID="UpButton"/>
        <DownButton Offset="0,0" Style="ScrollBarDown"   Anchor="R,B"   AnchorSide="o,i"    ID="DownButton"/>
        
    </ScrollPanel>

    
    <Instance Name="TeamEntry" >
        <Stack ID="Root" ConsumeMouse="1" >
					  <Box Size="200,30" Color="0,0,0,128" ID="TeamBox">
                <Label Anchor="L,C" Offset="6,0" Font="TwCenMT14" ColorSet="Beige_Black_Alpha" FontStyle="Shadow" String="Team Name" ID="TeamName" ConsumeMouse="0"/>
                <Label Anchor="R,C" Offset="10,0" Font="TwCenMT14" ColorSet="Beige_Black_Alpha" FontStyle="Stroke" String="123" ID="Score" ConsumeMouse="0"/>
                <Box Anchor="C,B" Size="175,1" Offset="0,1" Color="255,255,200,128" ID="TeamHeaderSeparator"/>
								<BoxButton Anchor="R,T" Size="200,30" Color="0,0,0,0" ID="TeamClickEntry"/>
						</Box>
						<Stack StackGrowth="Bottom" ID="TeamStack" />
            <Box Anchor="C,B" AnchorSide="i,o" Size="175,1" Offset="0,-1" Color="255,255,200,128" ID="TeamSeparator"/>
        </Stack>
    </Instance>

    
    <Instance Name="PlayerEntry" >
	    <Box Anchor="R,T" Size="232,28" Color="0,0,0,128" ID="Root" ConsumeMouse="1" >
        <BoxButton Anchor="R,T" Size="232,28" Color="0,0,0,0" ID="ClickEntry"/>
        <Stack ID="PlayerDataStack" StackGrowth="Right">
          <Box ID="LeftMarginBox" Color="0,0,255,0" Anchor="L,C" Offset="0,0" Size="10,32"/>
          <Box ID="KickBox" Color="0,0,255,0" Anchor="L,C" Offset="0,0" Size="24,32">
            <Button ID="KickButton" Anchor="R,C" Size="24,24" Offset="0,0" Texture="IconFrame24Delete.DDS" ToolTip="TXT_KEY_MP_KICK_PLAYER" />
          </Box>
          <Box ID="HostBox" Color="0,0,255,0" Anchor="L,C" Offset="0,0" Size="24,32">
            <Label Anchor="R,C"  Offset="0,0" String="[ICON_CAPITAL]" ID="HostIcon" ToolTip="TXT_KEY_HOST" hidden="1" />
          </Box>
          <Box ID="ConnectedBox" Color="0,255,0,0" Anchor="L,C" Offset="0,0" Size="32,32">
            <Image Anchor="L,C"  Offset="0,0" ID="ConnectionStatus" Size="32,32" Texture="assets/UI/Art/Icons/MarcPips.DDS" ToolTip="TXT_KEY_MP_PLAYER_CONNECTED" hidden="1" />
          </Box>
          <Box ID="DiploBox" Color="250,0,0,0" Anchor="L,C" Offset="0,0" Size="24,32">
            <Button Anchor="L,C"  Offset="0,0" Texture="Diplomacy_24.dds" Size="24.24" ID="DiploWaiting" NoStateChange="1" ToolTip="TXT_KEY_DIPLO_REQUEST_INCOMING"/>
          </Box>
          <Box ID="IconBox" Color="255,255,255,0" Anchor="L,C" Offset="0,0" Size="32,32">
            <Image ID="CivIconBG" Size="32.32" Anchor="C,C" Offset="0,0" TextureOffset="32,0" Texture="CivIconBGSizes.dds" />
            <Image ID="CivIconShadow" Size="24.24" Anchor="C,C" Offset="1,1" Texture="CivSymbolAtlas16.dds" Color="Black.128"/>
            <Image ID="Icon" Size="24.24" Offset="0,0"  Anchor="C,C" Texture="CivSymbolsColor256.dds" />
          </Box>
          <Box ID="NameBox" Color="128,0,0,0" Anchor="L,C" Offset="0,0" Size="100,32">
            <Label Anchor="L,C" Offset="0,0" TruncateWidth="100" Font="TwCenMT14" ColorSet="Beige_Black_Alpha" FontStyle="Shadow" String="Player Name" ID="Name" ConsumeMouse="0"/>
          </Box>
          <Box ID="ScoreBox" Color="0,128,0,0" Anchor="L,C" Offset="0,0" Size="40,32">
            <Label Anchor="R,C" Offset="10,0" Font="TwCenMT14" ColorSet="Beige_Black_Alpha" FontStyle="Stroke" String="123" ID="Score" ConsumeMouse="0"/>
          </Box>
          <Box ID="PingBox" Color="128,0,128,0" Anchor="L,C" Offset="0,0" Size="48,32">
            <Label Anchor="R,C" Offset="0,0" Font="TwCenMT14" ColorSet="Beige_Black_Alpha" FontStyle="Stroke" String="999ms" ID="Ping" Hidden="1" ConsumeMouse="0"/>
          </Box>
          <Box ID="RightMarginBox" Color="0,0,255,0" Anchor="L,C" Offset="0,0" Size="10,32"/>
        </Stack>
        <Box Anchor="C,B" Size="175,1" Offset="0,1" Color="255,255,200,128" ID="Seperator" />
      </Box>
    </Instance>

    <Label ID="HotJoinNotice" Anchor ="C,C" Font="TwCenMT24" ColorSet="Beige_Black_Alpha" FontStyle="Stroke" String="TXT_KEY_MP_HOT_JOIN_NOTICE" Hidden="1" />

    <LuaContext FileName="Assets/DLC/Shared/UI/InGame/Popups/ConfirmKick" ID="ConfirmKick" Hidden="1" />
</Context>
