﻿<?xml version="1.0" encoding="utf-8"?>
<GameData>
	<Language_en_US>

		<Row Tag="TXT_KEY_CHOOSE_MAP_SIZE">
			<Text>Choose Map Size</Text>
		</Row>
		<Row Tag="TXT_KEY_MP_VERSION_MISMATCH_FOR_PLAYER">
			<Text>Version mismatch with host.</Text>
		</Row>
		<Row Tag="TXT_KEY_MP_VERSION_MISMATCH_FOR_HOST">
			<Text>Version mismatch with player: {1_PlayerName}.</Text>
		</Row>

		<Row Tag="TXT_KEY_RANDOM_MAP_SCRIPT_HELP">
			<Text>The game will randomly pick one of the map types for you to play (not Earth). You will not be told what was picked.</Text>
		</Row>
		<Row Tag="TXT_KEY_ANY_MAP_SCRIPT_HELP">
			<Text>The game will match you with any of the map types (not Earth).</Text>
		</Row>
		<Row Tag="TXT_KEY_RANDOM_MAP_SIZE">
			<Text>Random Map Size</Text>
		</Row>
		<Row Tag="TXT_KEY_RANDOM_MAP_SIZE_HELP">
			<Text>The game will randomly pick one of the map sizes for you to play. You will not be told what was picked.</Text>
		</Row>
		<Row Tag="TXT_KEY_ANY_MAP_SIZE">
			<Text>Any Map Size</Text>
		</Row>
		<Row Tag="TXT_KEY_ANY_MAP_SIZE_HELP">
			<Text>The game will match you with any of the map sizes.</Text>
		</Row>
		<Row Tag="TXT_KEY_UNAVAILABLE_LEADER">
			<Text>Unavailable Leader</Text>
		</Row>
		<Row Tag="TXT_KEY_UNAVAILABLE_LEADER_HELP">
			<Text>DLC package '{1_string}' is not installed.</Text>
		</Row>
    <Row Tag="TXT_KEY_UNAVAILABLE_LEADER_TT">
      <Text>Leader is unavailable because some players do not have the required DLC package '{1_string}'.</Text>
    </Row>
		<Row Tag="TXT_KEY_RANDOM_LEADER">
			<Text>Random Leader</Text>
		</Row>
		<Row Tag="TXT_KEY_RANDOM_CIV">
			<Text>Random Civilization</Text>
		</Row>
		<Row Tag="TXT_KEY_RANDOM_LEADER_CIV">
			<Text>{1_Leader} - {2_Civ}</Text>
		</Row>
		<Row Tag="TXT_KEY_SELECT_SAVE_GAME">
			<Text>Please select a saved game.</Text>
		</Row>
		<Row Tag="TXT_KEY_INVALID_SAVE_GAME">
			<Text>Can not open save game.[NEWLINE][NEWLINE]File may be corrupted or invalid.</Text>
		</Row>
		<Row Tag="TXT_KEY_NO_SAVED_GAMES">
			<Text>No Saved Games</Text>
		</Row>
		<Row Tag="TXT_KEY_RANDOM_LEADER_HELP">
			<Text>The game will randomly pick one of the leaders for you to play.</Text>
		</Row>
		<Row Tag="TXT_KEY_LOCKED">
			<Text>LOCKED</Text>
		</Row>
		<Row Tag="TXT_KEY_ESC_TO_EXIT">
			<Text>ESC to Exit</Text>
		</Row>
		<Row Tag="TXT_KEY_WORLD_SIZE">
			<Text>World Size</Text>
		</Row>
		<Row Tag="TXT_KEY_MAP_SCRIPT">
			<Text>Map</Text>
		</Row>
		<Row Tag="TXT_KEY_HANDICAP">
			<Text>Difficulty</Text>
		</Row>
		<Row Tag="TXT_KEY_GAME_SPEED">
			<Text>Game Pace</Text>
		</Row>

		<Row Tag="TXT_KEY_MISC_RANDOMIZE">
			<Text>Randomize</Text>
		</Row>
		<Row Tag="TXT_KEY_MISC_ADV_SETUP">
			<Text>Advanced Setup</Text>
		</Row>
		<Row Tag="TXT_KEY_MISC_START_GAME">
			<Text>Start The Game</Text>
		</Row>
		<Row Tag="TXT_KEY_MISC_BACK">
			<Text>Back</Text>
		</Row>

		<!-- Custom Map Options -->

		<Row Tag="TXT_KEY_RANDOM_MAP_SCRIPT">
			<Text>Random Map Type</Text>
		</Row>
		<Row Tag="TXT_KEY_ANY_MAP_SCRIPT">
			<Text>Any Map Type</Text>
		</Row>
		<Row Tag="TXT_KEY_MAP_PANGAEA">
			<Text>Pangaea</Text>
		</Row>
		<Row Tag="TXT_KEY_MAP_CONTINENTS">
			<Text>Continents</Text>
		</Row>
		<Row Tag="TXT_KEY_MAP_SMALL_CONTINENTS">
			<Text>Small Continents</Text>
		</Row>
		<Row Tag="TXT_KEY_MAP_TINY_ISLANDS">
			<Text>Tiny Islands</Text>
		</Row>
		<Row Tag="TXT_KEY_MAP_ARCHIPELAGO">
			<Text>Archipelago</Text>
		</Row>
		<Row Tag="TXT_KEY_MAP_FRACTAL">
			<Text>Fractal</Text>
		</Row>
		<Row Tag="TXT_KEY_MAP_EARTH">
			<Text>Earth</Text>
		</Row>
		<Row Tag="TXT_KEY_MAP_HIGHLANDS">
			<Text>Highlands</Text>
		</Row>
		<Row Tag="TXT_KEY_MAP_HIGHLANDS_HELP">
			<Text>A large region dominated by hills and mountain ranges.</Text>
		</Row>
		<Row Tag="TXT_KEY_MAP_ARBOREA">
			<Text>Arborea</Text>
		</Row>
		<Row Tag="TXT_KEY_MAP_ARBOREA_HELP">
			<Text>A world almost completely covered in forest.</Text>
		</Row>
		<Row Tag="TXT_KEY_MAP_BIG_AND_SMALL">
			<Text>Big and Small</Text>
		</Row>
		<Row Tag="TXT_KEY_MAP_BIG_AND_SMALL_HELP">
			<Text>A world with regions of big continents and small islands.</Text>
		</Row>
		<Row Tag="TXT_KEY_MAP_BOREAL">
			<Text>Boreal</Text>
		</Row>
		<Row Tag="TXT_KEY_MAP_BOREAL_HELP">
			<Text>A large region that is all tundra and well forested.</Text>
		</Row>
		<Row Tag="TXT_KEY_MAP_CUSTOM_CONTINENTS">
			<Text>Custom Continents</Text>
		</Row>
		<Row Tag="TXT_KEY_MAP_CUSTOM_CONTINENTS_HELP">
			<Text>Less random than Continents, but you can control the number of continents.</Text>
		</Row>
		<Row Tag="TXT_KEY_MAP_DONUT">
			<Text>Donut</Text>
		</Row>
		<Row Tag="TXT_KEY_MAP_DONUT_HELP">
			<Text>A circular pangaea. You can choose what type of terrain is in the center.</Text>
		</Row>
		<Row Tag="TXT_KEY_MAP_FANTASY">
			<Text>Fantasy Realm</Text>
		</Row>
		<Row Tag="TXT_KEY_MAP_FANTASY_HELP">
			<Text>A small world without oceans. Climates and resource appearance defy the laws of weather physics.</Text>
		</Row>
		<Row Tag="TXT_KEY_MAP_GLOBAL_HIGHLANDS">
			<Text>Global Highlands</Text>
		</Row>
		<Row Tag="TXT_KEY_MAP_GLOBAL_HIGHLANDS_HELP">
			<Text>A very large world, dominated by hills and mountain ranges.</Text>
		</Row>
		<Row Tag="TXT_KEY_MAP_GREAT_PLAINS">
			<Text>Great Plains</Text>
		</Row>
		<Row Tag="TXT_KEY_MAP_GREAT_PLAINS_HELP">
			<Text>A region similar to the Great Plains of North America, but with random elements.</Text>
		</Row>
		<Row Tag="TXT_KEY_MAP_HEMISPHERES">
			<Text>Hemispheres</Text>
		</Row>
		<Row Tag="TXT_KEY_MAP_HEMISPHERES_HELP">
			<Text>A world with two large, fairly balanced continents. Suitable for duel or two-teams multiplayer.</Text>
		</Row>
		<Row Tag="TXT_KEY_MAP_HUB">
			<Text>Hub</Text>
		</Row>
		<Row Tag="TXT_KEY_MAP_HUB_HELP">
			<Text>Each civilization gets its own subcontinent. All are connected to the arctic region at the center of the map.</Text>
		</Row>
		<Row Tag="TXT_KEY_MAP_ICE_AGE">
			<Text>Ice Age</Text>
		</Row>
		<Row Tag="TXT_KEY_MAP_ICE_AGE_HELP">
			<Text>A severely glaciated world where only regions near the equator are habitable.</Text>
		</Row>
		<Row Tag="TXT_KEY_MAP_INLAND_SEA">
			<Text>Inland Sea</Text>
		</Row>
		<Row Tag="TXT_KEY_MAP_INLAND_SEA_HELP">
			<Text>An all-land region that has a large salt water sea in the center.</Text>
		</Row>
		<Row Tag="TXT_KEY_MAP_LAKES">
			<Text>Lakes</Text>
		</Row>
		<Row Tag="TXT_KEY_MAP_LAKES_HELP">
			<Text>A world without oceans, only lesser bodies of water.</Text>
		</Row>
		<Row Tag="TXT_KEY_MAP_LARGE_ISLANDS">
			<Text>Large Islands</Text>
		</Row>
		<Row Tag="TXT_KEY_MAP_LARGE_ISLANDS_HELP">
			<Text>A world with numerous large islands, roughly equal in size but varying in terrain. Civs are placed on the best available islands.</Text>
		</Row>
		<Row Tag="TXT_KEY_MAP_MAZE">
			<Text>Maze</Text>
		</Row>
		<Row Tag="TXT_KEY_MAP_MAZE_HELP">
			<Text>A novelty map type played out on a maze made of land and sea lanes.</Text>
		</Row>
		<Row Tag="TXT_KEY_MAP_MEDIUM_AND_SMALL">
			<Text>Medium and Small</Text>
		</Row>
		<Row Tag="TXT_KEY_MAP_MEDIUM_AND_SMALL_HELP">
			<Text>A world with regions of big continents and small islands.</Text>
		</Row>
		<Row Tag="TXT_KEY_MAP_MIRROR">
			<Text>Mirror</Text>
		</Row>
		<Row Tag="TXT_KEY_MAP_MIRROR_HELP">
			<Text>A world where one half mirrors or reflects the other. Designed chiefly for multiplayer fun.</Text>
		</Row>
		<Row Tag="TXT_KEY_MAP_OASIS">
			<Text>Oasis</Text>
		</Row>
		<Row Tag="TXT_KEY_MAP_OASIS_HELP">
			<Text>A fertile region bisected through the middle by a barren desert. Suitable for duel or two-teams multiplayer.</Text>
		</Row>
		<Row Tag="TXT_KEY_MAP_OVAL">
			<Text>Oval</Text>
		</Row>
		<Row Tag="TXT_KEY_MAP_OVAL_HELP">
			<Text>An oval-shaped pangaea with random bays carving in to the sides.</Text>
		</Row>
		<Row Tag="TXT_KEY_MAP_RAINFOREST">
			<Text>Rainforest</Text>
		</Row>
		<Row Tag="TXT_KEY_MAP_RAINFOREST_HELP">
			<Text>A world almost completely covered in jungle.</Text>
		</Row>
		<Row Tag="TXT_KEY_MAP_RING">
			<Text>Ring</Text>
		</Row>
		<Row Tag="TXT_KEY_MAP_RING_HELP">
			<Text>Each civilization gets its own subcontinent. All are connected in clockwise fashion to adjacent neighbors.</Text>
		</Row>
		<Row Tag="TXT_KEY_MAP_SKIRMISH">
			<Text>Skirmish</Text>
		</Row>
		<Row Tag="TXT_KEY_MAP_SKIRMISH_HELP">
			<Text>A balanced map designed for 2 players.</Text>
		</Row>
		<Row Tag="TXT_KEY_MAP_TEAM_BATTLEGROUND">
			<Text>Team Battleground</Text>
		</Row>
		<Row Tag="TXT_KEY_MAP_TEAM_BATTLEGROUND_HELP">
			<Text>Extra small, land-heavy region, tailored especially for fast-paced multiplayer team games.</Text>
		</Row>
		<Row Tag="TXT_KEY_MAP_TERRA">
			<Text>Terra</Text>
		</Row>
		<Row Tag="TXT_KEY_MAP_TERRA_HELP">
			<Text>A very large world, similar to Earth, where all civilizations start on the continent akin to Asia-Europe-Africa.</Text>
		</Row>
		<Row Tag="TXT_KEY_MAP_NORTH_VS_SOUTH">
			<Text>North vs South</Text>
		</Row>
		<Row Tag="TXT_KEY_MAP_NORTH_VS_SOUTH_HELP">
			<Text>A region split horizontally by desert.</Text>
		</Row>
		<Row Tag="TXT_KEY_MAP_WEST_VS_EAST">
			<Text>West vs East</Text>
		</Row>
		<Row Tag="TXT_KEY_MAP_WEST_VS_EAST_HELP">
			<Text>A region split vertically down the middle by a wide channel of water.</Text>
		</Row>
		<Row Tag="TXT_KEY_MAP_FOUR_CORNERS">
			<Text>Four Corners</Text>
		</Row>
		<Row Tag="TXT_KEY_MAP_FOUR_CORNERS_HELP">
			<Text>This map is sectioned into 4 equal sections, separated by water, with land in the very middle.</Text>
		</Row>
		<Row Tag="TXT_KEY_MAP_TILTED_AXIS">
			<Text>Tilted Axis</Text>
		</Row>
		<Row Tag="TXT_KEY_MAP_TILTED_AXIS_HELP">
			<Text>A very large world, tilted on its side with its south pole always locked in to facing the sun.</Text>
		</Row>
		<Row Tag="TXT_KEY_MAP_WHEEL">
			<Text>Wheel</Text>
		</Row>
		<Row Tag="TXT_KEY_MAP_WHEEL_HELP">
			<Text>Each civilization gets its own subcontinent. Both Hub and Ring style land bridges connect the areas.</Text>
		</Row>
		<Row Tag="TXT_KEY_MAP_AMAZON">
			<Text>Amazon</Text>
		</Row>
		<Row Tag="TXT_KEY_MAP_AMAZON_HELP">
			<Text>A region similar to the Amazon Jungle of South America, but with random elements.</Text>
		</Row>
		<Row Tag="TXT_KEY_MAP_MEDITERRANEAN">
			<Text>Mediterranean</Text>
		</Row>
		<Row Tag="TXT_KEY_MAP_MEDITERRANEAN_HELP">
			<Text>A region similar to the Mediterranean Ocean, but with random elements.</Text>
		</Row>
		<Row Tag="TXT_KEY_MAP_POLYNESIA">
			<Text>Polynesia</Text>
		</Row>
		<Row Tag="TXT_KEY_MAP_POLYNESIA_HELP">
			<Text>A region similar to the Polynesian Islands of the Pacific Ocean, but with random elements.</Text>
		</Row>
		<Row Tag="TXT_KEY_MAP_ROCKY_MOUNTAINS">
			<Text>Rocky Mountains</Text>
		</Row>
		<Row Tag="TXT_KEY_MAP_ROCKY_MOUNTAINS_HELP">
			<Text>A region similar to the Rocky Mountains of North America, but with random elements.</Text>
		</Row>
		<Row Tag="TXT_KEY_MAP_SAHARA">
			<Text>Sahara</Text>
		</Row>
		<Row Tag="TXT_KEY_MAP_SAHARA_HELP">
			<Text>A region similar to the Sahara Desert of Africa, but with random elements.</Text>
		</Row>
		<Row Tag="TXT_KEY_MAP_SIBERIA">
			<Text>Siberia</Text>
		</Row>
		<Row Tag="TXT_KEY_MAP_SIBERIA_HELP">
			<Text>A region similar to Siberia in northern Asia, but with random elements.</Text>
		</Row>
		<Row Tag="TXT_KEY_MAP_SOUTH_PACIFIC">
			<Text>South Pacific</Text>
		</Row>
		<Row Tag="TXT_KEY_MAP_SOUTH_PACIFIC_HELP">
			<Text>A region similar to the South Pacific area, including Australia, southeast Asia and numerous islands.</Text>
		</Row>
		<Row Tag="TXT_KEY_MAP_ANCIENT_LAKES">
			<Text>Ancient Lakes</Text>
		</Row>
		<Row Tag="TXT_KEY_MAP_ANCIENT_LAKES_HELP">
			<Text>An all-land region featuring a large crater lake in the middle.</Text>
		</Row>
		<Row Tag="TXT_KEY_SELECT_MAP_TYPE_BACK">
			<Text>Back</Text>
		</Row>
		<Row Tag="TXT_KEY_SELECT_MAP_TYPE_BACK_HELP">
			<Text>Go back to the parent folder.</Text>
		</Row>
		<Row Tag="TXT_KEY_MAP_FOLDER_ADDITIONAL">
			<Text>Additional Maps</Text>
		</Row>
		<Row Tag="TXT_KEY_MAP_FOLDER_ADDITIONAL_HELP">
			<Text>Additional Maps available to the game.</Text>
		</Row>
		<Row Tag="TXT_KEY_CLOSE">
			<Text>Close</Text>
		</Row>
		<Row Tag="TXT_KEY_CLOSE_HELP">
			<Text>Close this set of options.</Text>
		</Row>
		<Row Tag="TXT_KEY_MAP_PANGAEA_HELP">
			<Text>All players start on one large landmass. There may be small islands off of the main continent.</Text>
		</Row>
		<Row Tag="TXT_KEY_MAP_CONTINENTS_HELP">
			<Text>The world will consist of a few large landmasses and some smaller islands.</Text>
		</Row>
		<Row Tag="TXT_KEY_MAP_SMALL_CONTINENTS_HELP">
			<Text>The world will consist of a few medium landmasses and some smaller islands.</Text>
		</Row>
		<Row Tag="TXT_KEY_MAP_ARCHIPELAGO_HELP">
			<Text>This world will consist of many islands.</Text>
		</Row>
		<Row Tag="TXT_KEY_MAP_TINY_ISLANDS_HELP">
			<Text>This world will consist of many tiny islands.</Text>
		</Row>
		<Row Tag="TXT_KEY_MAP_FRACTAL_HELP">
			<Text>A highly random map that will often form thin, snaky continents.</Text>
		</Row>
		<Row Tag="TXT_KEY_MAP_EARTH_HELP">
			<Text>A map that spans the entire planet.</Text>
		</Row>
		<Row Tag="TXT_KEY_MAP_OPTION_WORLD_AGE">
			<Text>World Age</Text>
		</Row>
		<Row Tag="TXT_KEY_MAP_OPTION_THREE_BILLION_YEARS">
			<Text>3 Billion Years</Text>
		</Row>
		<Row Tag="TXT_KEY_MAP_OPTION_FOUR_BILLION_YEARS">
			<Text>4 Billion Years</Text>
		</Row>
		<Row Tag="TXT_KEY_MAP_OPTION_FIVE_BILLION_YEARS">
			<Text>5 Billion Years</Text>
		</Row>
		<Row Tag="TXT_KEY_MAP_OPTION_TEMPERATURE">
			<Text>Temperature</Text>
		</Row>
		<Row Tag="TXT_KEY_MAP_OPTION_COOL">
			<Text>Cool</Text>
		</Row>
		<Row Tag="TXT_KEY_MAP_OPTION_TEMPERATE">
			<Text>Temperate</Text>
		</Row>
		<Row Tag="TXT_KEY_MAP_OPTION_HOT">
			<Text>Hot</Text>
		</Row>
		<Row Tag="TXT_KEY_MAP_OPTION_RAINFALL">
			<Text>Rainfall</Text>
		</Row>
		<Row Tag="TXT_KEY_MAP_OPTION_ARID">
			<Text>Arid</Text>
		</Row>
		<Row Tag="TXT_KEY_MAP_OPTION_WET">
			<Text>Wet</Text>
		</Row>
		<Row Tag="TXT_KEY_MAP_OPTION_SEA_LEVEL">
			<Text>Sea Level</Text>
		</Row>
		<Row Tag="TXT_KEY_MAP_OPTION_LOW">
			<Text>Low</Text>
		</Row>
		<Row Tag="TXT_KEY_MAP_OPTION_MEDIUM">
			<Text>Medium</Text>
		</Row>
		<Row Tag="TXT_KEY_MAP_OPTION_HIGH">
			<Text>High</Text>
		</Row>
		<Row Tag="TXT_KEY_MAP_OPTION_RESOURCES">
			<Text>Resources</Text>
		</Row>
		<Row Tag="TXT_KEY_MAP_OPTION_WATER_SETTING">
			<Text>Water Setting</Text>
		</Row>
		<Row Tag="TXT_KEY_MAP_OPTION_SPARSE">
			<Text>Sparse</Text>
		</Row>
		<Row Tag="TXT_KEY_MAP_OPTION_ABUNDANT">
			<Text>Abundant</Text>
		</Row>
		<Row Tag="TXT_KEY_MAP_OPTION_LEGENDARY_START">
			<Text>Legendary Start</Text>
		</Row>
		<Row Tag="TXT_KEY_MAP_OPTION_STRATEGIC_BALANCE">
			<Text>Strategic Balance</Text>
		</Row>
		<Row Tag="TXT_KEY_MAP_OPTION_NUM_CONTINENTS">
			<Text>Number of Continents</Text>
		</Row>
		<Row Tag="TXT_KEY_MAP_OPTION_ONE_PER_CONTINENT">
			<Text>One per Continent</Text>
		</Row>
		<Row Tag="TXT_KEY_MAP_OPTION_ONE_PER_CONTINENT_HELP">
			<Text>A map template will be chosen that supplies one continent per team (maximum of six, however).</Text>
		</Row>
		<Row Tag="TXT_KEY_MAP_OPTION_TWO_PER_CONTINENT">
			<Text>2</Text>
		</Row>
		<Row Tag="TXT_KEY_MAP_OPTION_TWO_PER_CONTINENT_HELP">
			<Text>A map template will be chosen that includes exactly two major continents.</Text>
		</Row>
		<Row Tag="TXT_KEY_MAP_OPTION_THREE_PER_CONTINENT">
			<Text>3</Text>
		</Row>
		<Row Tag="TXT_KEY_MAP_OPTION_THREE_PER_CONTINENT_HELP">
			<Text>A map template will be chosen that includes exactly three major continents.</Text>
		</Row>
		<Row Tag="TXT_KEY_MAP_OPTION_FOUR_PER_CONTINENT">
			<Text>4</Text>
		</Row>
		<Row Tag="TXT_KEY_MAP_OPTION_FOUR_PER_CONTINENT_HELP">
			<Text>A map template will be chosen that includes exactly four major continents.</Text>
		</Row>
		<Row Tag="TXT_KEY_MAP_OPTION_FIVE_PER_CONTINENT">
			<Text>5</Text>
		</Row>
		<Row Tag="TXT_KEY_MAP_OPTION_FIVE_PER_CONTINENT_HELP">
			<Text>A map template will be chosen that includes exactly five major continents.</Text>
		</Row>
		<Row Tag="TXT_KEY_MAP_OPTION_SIX_PER_CONTINENT">
			<Text>6</Text>
		</Row>
		<Row Tag="TXT_KEY_MAP_OPTION_SIX_PER_CONTINENT_HELP">
			<Text>A map template will be chosen that includes exactly six major continents.</Text>
		</Row>
		<Row Tag="TXT_KEY_MAP_OPTION_RESOURCE_APPEARANCE">
			<Text>Resource Appearance</Text>
		</Row>
		<Row Tag="TXT_KEY_MAP_OPTION_LOGICAL">
			<Text>Logical</Text>
		</Row>
		<Row Tag="TXT_KEY_MAP_OPTION_LOGICAL_HELP">
			<Text>Resources will obey the standard rules in the usual, logical manner.</Text>
		</Row>
		<Row Tag="TXT_KEY_MAP_OPTION_IRRATIONAL">
			<Text>Irrational</Text>
		</Row>
		<Row Tag="TXT_KEY_MAP_OPTION_IRRATIONAL_HELP">
			<Text>Resources will be placed in irrational locations, such as Bananas in the snow.</Text>
		</Row>
		<Row Tag="TXT_KEY_MAP_OPTION_CRAZY">
			<Text>Crazy</Text>
		</Row>
		<Row Tag="TXT_KEY_MAP_OPTION_CRAZY_HELP">
			<Text>Resources will be placed in irrational locations and there will be crazy amounts of some types.</Text>
		</Row>
		<Row Tag="TXT_KEY_MAP_OPTION_MOUNTAIN_PATTERN">
			<Text>Mountain Pattern</Text>
		</Row>
		<Row Tag="TXT_KEY_MAP_OPTION_RIDGELINES">
			<Text>Ridgelines</Text>
		</Row>
		<Row Tag="TXT_KEY_MAP_OPTION_RIDGELINES_HELP">
			<Text>Tectonic-style mountain ranges, along random fault lines.</Text>
		</Row>
		<Row Tag="TXT_KEY_MAP_OPTION_SCATTERED">
			<Text>Scattered</Text>
		</Row>
		<Row Tag="TXT_KEY_MAP_OPTION_SCATTERED_HELP">
			<Text>Fractal-style mountain ranges: small, numerous and well scattered.</Text>
		</Row>
		<Row Tag="TXT_KEY_MAP_OPTION_RANGES">
			<Text>Ranges</Text>
		</Row>
		<Row Tag="TXT_KEY_MAP_OPTION_RANGES_HELP">
			<Text>Fractal-style mountain ranges: medium, snaky and highly random.</Text>
		</Row>
		<Row Tag="TXT_KEY_MAP_OPTION_CLUSTERS">
			<Text>Clusters</Text>
		</Row>
		<Row Tag="TXT_KEY_MAP_OPTION_CLUSTERS_HELP">
			<Text>Fractal-style mountain ranges: large, fat clusters, but fewer of them.</Text>
		</Row>
		<Row Tag="TXT_KEY_MAP_OPTION_MOUNTAIN_DENSITY">
			<Text>Mountain Density</Text>
		</Row>
		<Row Tag="TXT_KEY_MAP_OPTION_DENSE">
			<Text>Dense</Text>
		</Row>
		<Row Tag="TXT_KEY_MAP_OPTION_NORMAL">
			<Text>Normal</Text>
		</Row>
		<Row Tag="TXT_KEY_MAP_OPTION_THIN">
			<Text>Thin</Text>
		</Row>
		<Row Tag="TXT_KEY_MAP_OPTION_BODIES_OF_WATER">
			<Text>Bodies of Water</Text>
		</Row>
		<Row Tag="TXT_KEY_MAP_OPTION_SMALL_LAKES">
			<Text>Small Lakes</Text>
		</Row>
		<Row Tag="TXT_KEY_MAP_OPTION_SMALL_LAKES_HELP">
			<Text>Numerous small and tiny lakes, well scattered across the map.</Text>
		</Row>
		<Row Tag="TXT_KEY_MAP_OPTION_LARGE_LAKES">
			<Text>Large Lakes</Text>
		</Row>
		<Row Tag="TXT_KEY_MAP_OPTION_LARGE_LAKES_HELP">
			<Text>Larger lakes and some tiny oceans will appear.</Text>
		</Row>
		<Row Tag="TXT_KEY_MAP_OPTION_RIVERS">
			<Text>Rivers</Text>
		</Row>
		<Row Tag="TXT_KEY_MAP_OPTION_RIVERS_HELP">
			<Text>Meandering rivers flow away from the central mountain range.</Text>
		</Row>
		<Row Tag="TXT_KEY_MAP_OPTION_RIVERS_AND_SEAS">
			<Text>Rivers and Seas</Text>
		</Row>
		<Row Tag="TXT_KEY_MAP_OPTION_RIVERS_AND_SEAS_HELP">
			<Text>Large lakes or seas, with some rivers as well.</Text>
		</Row>
		<Row Tag="TXT_KEY_MAP_OPTION_DRY">
			<Text>Dry</Text>
		</Row>
		<Row Tag="TXT_KEY_MAP_OPTION_DRY_HELP">
			<Text>The only sources of fresh water are from oases in desert areas.</Text>
		</Row>
		<Row Tag="TXT_KEY_MAP_OPTION_SEAS">
			<Text>Seas</Text>
		</Row>
		<Row Tag="TXT_KEY_MAP_OPTION_SEAS_HELP">
			<Text>Most bodies of water will be salt water seas of modest dimension, highly randomized in shape.</Text>
		</Row>
		<Row Tag="TXT_KEY_MAP_OPTION_BUFFER_ZONES">
			<Text>Buffer Zones</Text>
		</Row>
		<Row Tag="TXT_KEY_MAP_OPTION_BUFFER_ZONES_HELP">
			<Text>Choose whether to add smaller landmasses in between the regions created for each civilization.</Text>
		</Row>
		<Row Tag="TXT_KEY_MAP_OPTION_NO">
			<Text>No</Text>
		</Row>
		<Row Tag="TXT_KEY_MAP_OPTION_NO_BUFFER_ZONES_HELP">
			<Text>Choose not to add any extra land between civilizations.</Text>
		</Row>
		<Row Tag="TXT_KEY_MAP_OPTION_YES_10_CIVS_MAX">
			<Text>Yes (10 Civs Max)</Text>
		</Row>
		<Row Tag="TXT_KEY_MAP_OPTION_YES_10_CIVS_MAX_HELP">
			<Text>Add extra land between civilizations. (Only available up to a maximum of ten civilizations.)</Text>
		</Row>
		<Row Tag="TXT_KEY_MAP_OPTION_LAND_SHAPE">
			<Text>Land Shape</Text>
		</Row>
		<Row Tag="TXT_KEY_MAP_OPTION_NATURAL">
			<Text>Natural</Text>
		</Row>
		<Row Tag="TXT_KEY_MAP_OPTION_NATURAL_HELP">
			<Text>Peninsulas and bays are possible. This is the most randomized land shape.</Text>
		</Row>
		<Row Tag="TXT_KEY_MAP_OPTION_PRESSED">
			<Text>Pressed</Text>
		</Row>
		<Row Tag="TXT_KEY_MAP_OPTION_PRESSED_HELP">
			<Text>Fewer, less intensive irregularities in the shape of the coast.</Text>
		</Row>
		<Row Tag="TXT_KEY_MAP_OPTION_SOLID">
			<Text>Solid</Text>
		</Row>
		<Row Tag="TXT_KEY_MAP_OPTION_SOLID_HELP">
			<Text>Each civilization's landmass will be a solid blob.</Text>
		</Row>
		<Row Tag="TXT_KEY_MAP_OPTION_NEUTRAL_TERRITORY">
			<Text>Neutral Territory</Text>
		</Row>
		<Row Tag="TXT_KEY_MAP_OPTION_VARIED">
			<Text>Varied</Text>
		</Row>
		<Row Tag="TXT_KEY_MAP_OPTION_ISTHMUS_WIDTH">
			<Text>Isthmus Width</Text>
		</Row>
		<Row Tag="TXT_KEY_MAP_OPTION_LANDMASS_TYPE">
			<Text>Landmass Type</Text>
		</Row>
		<Row Tag="TXT_KEY_MAP_OPTION_PANGAEA">
			<Text>Pangaea</Text>
		</Row>
		<Row Tag="TXT_KEY_MAP_OPTION_WIDE_CONTINENTS">
			<Text>Wide Continents</Text>
		</Row>
		<Row Tag="TXT_KEY_MAP_OPTION_NARROW_CONTINENTS">
			<Text>Narrow Continents</Text>
		</Row>
		<Row Tag="TXT_KEY_MAP_OPTION_ISLANDS">
			<Text>Islands</Text>
		</Row>
		<Row Tag="TXT_KEY_MAP_OPTION_NUMBER_OF_MAIN_ISLANDS">
			<Text>Number of Main Islands</Text>
		</Row>
		<Row Tag="TXT_KEY_MAP_OPTION_ONE_PER_PLAYER">
			<Text>One per Player</Text>
		</Row>
		<Row Tag="TXT_KEY_MAP_OPTION_EXTRAS">
			<Text>Extras</Text>
		</Row>
		<Row Tag="TXT_KEY_MAP_OPTION_SEVERAL_EXTRAS">
			<Text>Several Extras</Text>
		</Row>
		<Row Tag="TXT_KEY_MAP_OPTION_AMOUNT_OF_TINY_ISLANDS">
			<Text>Amount of Tiny Islands</Text>
		</Row>
		<Row Tag="TXT_KEY_MAP_OPTION_NO_TINY_ISLANDS">
			<Text>No Tiny Islands</Text>
		</Row>
		<Row Tag="TXT_KEY_MAP_OPTION_FEW_TINY_ISLANDS">
			<Text>Few Tiny Islands</Text>
		</Row>
		<Row Tag="TXT_KEY_MAP_OPTION_VARIOUS_TINY_ISLANDS">
			<Text>Various Tiny Islands</Text>
		</Row>
		<Row Tag="TXT_KEY_MAP_OPTION_MANY_TINY_ISLANDS">
			<Text>Many Tiny Islands</Text>
		</Row>
		<Row Tag="TXT_KEY_MAP_OPTION_MAZE_WIDTH">
			<Text>Maze Width</Text>
		</Row>
		<Row Tag="TXT_KEY_MAP_OPTION_PLOTS_WIDE_ONE">
			<Text>1 Plot Wide</Text>
		</Row>
		<Row Tag="TXT_KEY_MAP_OPTION_PLOTS_WIDE_TWO">
			<Text>2 Plots Wide</Text>
		</Row>
		<Row Tag="TXT_KEY_MAP_OPTION_PLOTS_WIDE_TWO_HELP">
			<Text>Bridges connecting subcontinents will be 2 plots wide.</Text>
		</Row>
		<Row Tag="TXT_KEY_MAP_OPTION_PLOTS_WIDE_THREE">
			<Text>3 Plots Wide</Text>
		</Row>
		<Row Tag="TXT_KEY_MAP_OPTION_PLOTS_WIDE_THREE_HELP">
			<Text>Bridges connecting subcontinents will be 3 plots wide.</Text>
		</Row>
		<Row Tag="TXT_KEY_MAP_OPTION_PLOTS_WIDE_FOUR">
			<Text>4 Plots Wide</Text>
		</Row>
		<Row Tag="TXT_KEY_MAP_OPTION_PLOTS_WIDE_FOUR_HELP">
			<Text>Bridges connecting subcontinents will be 4 plots wide.</Text>
		</Row>
		<Row Tag="TXT_KEY_MAP_OPTION_PLOTS_WIDE_FIVE">
			<Text>5 Plots Wide</Text>
		</Row>
		<Row Tag="TXT_KEY_MAP_OPTION_MIRROR_TYPE">
			<Text>Mirror Type</Text>
		</Row>
		<Row Tag="TXT_KEY_MAP_OPTION_REFLECTION">
			<Text>Reflection</Text>
		</Row>
		<Row Tag="TXT_KEY_MAP_OPTION_INVERSION">
			<Text>Inversion</Text>
		</Row>
		<Row Tag="TXT_KEY_MAP_OPTION_COPY">
			<Text>Copy</Text>
		</Row>
		<Row Tag="TXT_KEY_MAP_OPTION_OPPOSITE">
			<Text>Opposite</Text>
		</Row>
		<Row Tag="TXT_KEY_MAP_OPTION_TEAM_SETTING">
			<Text>Team Setting</Text>
		</Row>
		<Row Tag="TXT_KEY_MAP_OPTION_START_TOGETHER">
			<Text>Start Together</Text>
		</Row>
		<Row Tag="TXT_KEY_MAP_OPTION_START_SEPERATED">
			<Text>Start Separated</Text>
		</Row>
		<Row Tag="TXT_KEY_MAP_OPTION_START_ANYWHERE">
			<Text>Start Anywhere</Text>
		</Row>
		<Row Tag="TXT_KEY_MAP_OPTION_WITHOUT_OCEANS">
			<Text>Without Oceans</Text>
		</Row>
		<Row Tag="TXT_KEY_MAP_OPTION_ARCHIPELAGO">
			<Text>Archipelago</Text>
		</Row>
		<Row Tag="TXT_KEY_MAP_OPTION_TINY_ISLANDS">
			<Text>Tiny Islands</Text>
		</Row>
		<Row Tag="TXT_KEY_MAP_OPTION_SEVERITY">
			<Text>Severity of Desert Region</Text>
		</Row>
		<Row Tag="TXT_KEY_MAP_OPTION_MILD">
			<Text>Mild</Text>
		</Row>
		<Row Tag="TXT_KEY_MAP_OPTION_MODERATE">
			<Text>Moderate</Text>
		</Row>
		<Row Tag="TXT_KEY_MAP_OPTION_SEVERE">
			<Text>Severe</Text>
		</Row>
		<Row Tag="TXT_KEY_MAP_OPTION_BARREN">
			<Text>Barren</Text>
		</Row>
		<Row Tag="TXT_KEY_MAP_OPTION_TEAM_PLACEMENT">
			<Text>Team Placement</Text>
		</Row>
		<Row Tag="TXT_KEY_MAP_OPTION_TOP_VS_BOTTOM">
			<Text>Top vs Bottom</Text>
		</Row>
		<Row Tag="TXT_KEY_MAP_OPTION_LEFT_VS_RIGHT">
			<Text>Left vs Right</Text>
		</Row>
		<Row Tag="TXT_KEY_MAP_OPTION_FOUR_CORNERS">
			<Text>Four Corners</Text>
		</Row>
		<Row Tag="TXT_KEY_MAP_OPTION_RING_WIDTH">
			<Text>Ring Width</Text>
		</Row>
		<Row Tag="TXT_KEY_MAP_OPTION_SPOKE_WIDTH">
			<Text>Spoke Width</Text>
		</Row>
		<Row Tag="TXT_KEY_MAP_OPTION_CONTINENTS_SIZE">
			<Text>Continents Size</Text>
		</Row>
		<Row Tag="TXT_KEY_MAP_OPTION_LARGE_CONTINENTS">
			<Text>Large Continents</Text>
		</Row>
		<Row Tag="TXT_KEY_MAP_OPTION_SMALL_CONTINENTS">
			<Text>Small Continents</Text>
		</Row>
		<Row Tag="TXT_KEY_MAP_OPTION_ISLANDS_SIZE">
			<Text>Islands Size</Text>
		</Row>
		<Row Tag="TXT_KEY_MAP_OPTION_LARGE_ISLANDS">
			<Text>Large Islands</Text>
		</Row>
		<Row Tag="TXT_KEY_MAP_OPTION_SMALL_ISLANDS">
			<Text>Small Islands</Text>
		</Row>
		<Row Tag="TXT_KEY_MAP_OPTION_ISLANDS_OVERLAP">
			<Text>Islands Overlap</Text>
		</Row>
		<Row Tag="TXT_KEY_MAP_OPTION_ISLAND_REGION_SEPARATE">
			<Text>Island Region Separate</Text>
		</Row>
		<Row Tag="TXT_KEY_MAP_OPTION_ISLANDS_MIXED_IN">
			<Text>Islands Mixed In</Text>
		</Row>
		<Row Tag="TXT_KEY_MAP_OPTION_CENTER_REGION">
			<Text>Center Region</Text>
		</Row>
		<Row Tag="TXT_KEY_MAP_OPTION_HILLS">
			<Text>Hills</Text>
		</Row>
		<Row Tag="TXT_KEY_MAP_OPTION_MOUNTAINS">
			<Text>Mountains</Text>
		</Row>
		<Row Tag="TXT_KEY_MAP_OPTION_DESERT">
			<Text>Desert</Text>
		</Row>
		<Row Tag="TXT_KEY_MAP_OPTION_OCEAN">
			<Text>Ocean</Text>
		</Row>
		<Row Tag="TXT_KEY_MAP_OPTION_STANDARD">
			<Text>Standard</Text>
		</Row>
		<Row Tag="TXT_KEY_MAP_OPTION_JUNGLE">
			<Text>Jungle</Text>
		</Row>
		<Row Tag="TXT_KEY_MAP_OPTION_NO_JUNGLES">
			<Text>No Jungles</Text>
		</Row>
		<Row Tag="TXT_KEY_MAP_OPTION_WORLD_WRAP">
			<Text>World Wrap</Text>
		</Row>
		<Row Tag="TXT_KEY_MAP_OPTION_FLAT">
			<Text>Flat</Text>
		</Row>
		<Row Tag="TXT_KEY_MAP_OPTION_CYLINDER">
			<Text>Cylinder</Text>
		</Row>
		<Row Tag="TXT_KEY_MAP_OPTION_TOROID">
			<Text>Toroid</Text>
		</Row>
		<Row Tag="TXT_KEY_MAP_OPTION_RANDOM">
			<Text>Random</Text>
		</Row>
		<Row Tag="TXT_KEY_MAP_OPTION_DOMINANT_TERRAIN">
			<Text>Dominant Terrain</Text>
		</Row>
		<Row Tag="TXT_KEY_MAP_OPTION_BALANCED_RESOURCES">
			<Text>Balanced</Text>
		</Row>

		<Row Tag="TXT_KEY_MAP_SCRIPT_SKIRMISH_GRASSLANDS">
			<Text>Grasslands</Text>
		</Row>
		<Row Tag="TXT_KEY_MAP_SCRIPT_SKIRMISH_GRASSLANDS_HELP">
			<Text>Some hills and forest sprinkled across a vast grassland.</Text>
		</Row>

		<Row Tag="TXT_KEY_MAP_SCRIPT_SKIRMISH_PLAINS">
			<Text>Plains</Text>
		</Row>
		<Row Tag="TXT_KEY_MAP_SCRIPT_SKIRMISH_PLAINS_HELP">
			<Text>Small patches of mixed terrain sprinkled across a vast plain.</Text>
		</Row>

		<Row Tag="TXT_KEY_MAP_SCRIPT_SKIRMISH_FOREST">
			<Text>Forest</Text>
		</Row>
		<Row Tag="TXT_KEY_MAP_SCRIPT_SKIRMISH_FOREST_HELP">
			<Text>A lush forest sprinkled with grasslands.</Text>
		</Row>

		<Row Tag="TXT_KEY_MAP_SCRIPT_SKIRMISH_JUNGLE">
			<Text>Jungle</Text>
		</Row>
		<Row Tag="TXT_KEY_MAP_SCRIPT_SKIRMISH_JUNGLE_HELP">
			<Text>An overgrown jungle sprinkled with hills and forest.</Text>
		</Row>

		<Row Tag="TXT_KEY_MAP_SCRIPT_SKIRMISH_DESERT">
			<Text>Desert</Text>
		</Row>
		<Row Tag="TXT_KEY_MAP_SCRIPT_SKIRMISH_DESERT_HELP">
			<Text>A vast desert sprinkled with hills! Water setting matters greatly.</Text>
		</Row>

		<Row Tag="TXT_KEY_MAP_SCRIPT_SKIRMISH_TUNDRA">
			<Text>Tundra</Text>
		</Row>
		<Row Tag="TXT_KEY_MAP_SCRIPT_SKIRMISH_TUNDRA_HELP">
			<Text>A frigid landscape with only small pockets of more fertile plains.</Text>
		</Row>

		<Row Tag="TXT_KEY_MAP_SCRIPT_SKIRMISH_HILLS">
			<Text>Hills</Text>
		</Row>
		<Row Tag="TXT_KEY_MAP_SCRIPT_SKIRMISH_HILLS_HELP">
			<Text>Rugged highlands sprinkled with grassland valleys.</Text>
		</Row>

		<Row Tag="TXT_KEY_MAP_OPTION_GLOBAL_CLIMATE">
			<Text>Global Climate</Text>
		</Row>
		<Row Tag="TXT_KEY_MAP_OPTION_GLOBAL_CLIMATE_HELP">
			<Text>A standard climate, as if the map represents a whole world.</Text>
		</Row>

		<!-- Front End Menu Buttons-->

		<Row Tag="TXT_KEY_PLAY_NOW">
			<Text>PLAY NOW</Text>
		</Row>
		<Row Tag="TXT_KEY_PLAY_NOW_SETTINGS">
			<Text>Play with the current settings: </Text>
		</Row>
		<Row Tag="TXT_KEY_PLAY_NOW_TT">
			<Text>Play with most recent options</Text>
		</Row>
		<Row Tag="TXT_KEY_SETUP_GAME">
			<Text>SET UP GAME</Text>
		</Row>
		<Row Tag="TXT_KEY_SETUP_GAME_TT">
			<Text>Modify the Game Settings</Text>
		</Row>
		<Row Tag="TXT_KEY_SCENARIOS">
			<Text>SCENARIOS</Text>
		</Row>
		<Row Tag="TXT_KEY_LOAD_GAME_TT">
			<Text>Load a saved game</Text>
		</Row>
		<Row Tag="TXT_KEY_LOAD_MAP">
			<Text>Load Map</Text>
		</Row>
		<Row Tag="TXT_KEY_LOAD_MAP_TT">
			<Text>Load a specific map to play</Text>
		</Row>
		<Row Tag="TXT_KEY_LOAD_MOD">
			<Text>Load Mod</Text>
		</Row>
		<Row Tag="TXT_KEY_LOAD_SCENARIO">
			<Text>Load Scenario</Text>
		</Row>
		<Row Tag="TXT_KEY_TUTORIAL">
			<Text>TUTORIAL</Text>
		</Row>
		<Row Tag="TXT_KEY_TUTORIAL_TT">
			<Text>Scenarios to introduce gameplay concepts</Text>
		</Row>
		<Row Tag="TXT_KEY_MULTIPLAYER">
			<Text>Play with Gobbi</Text>
		</Row>
		<Row Tag="TXT_KEY_MULTIPLAYER_TT">
			<Text>LAN or internet multiplayer</Text>
		</Row>
		<Row Tag="TXT_KEY_MODS">
			<Text>Firaxis merda</Text>
		</Row>
		<Row Tag="TXT_KEY_LOAD_MENU_MODS">
			<Text>Firaxis merda</Text>
		</Row>
		<Row Tag="TXT_KEY_LOAD_MENU_DLC">
			<Text>DLC</Text>
		</Row>
		<Row Tag="TXT_KEY_LOAD_MENU_REQUIRED_DLC">
			<Text>The following DLC is required by this saved game:</Text>
		</Row>
		<Row Tag="TXT_KEY_LOAD_MENU_REQUIRED_MODS">
			<Text>The following Mods are required by this saved game:</Text>
		</Row>
		<Row Tag="TXT_KEY_MODS_TT">
			<Text>Access User-Created Mods</Text>
		</Row>
		<Row Tag="TXT_KEY_OPTIONS">
			<Text>OPTIONS</Text>
		</Row>
		<Row Tag="TXT_KEY_OPTIONS_TT">
			<Text>Game and System Settings</Text>
		</Row>
		<Row Tag="TXT_KEY_OTHER">
			<Text>OTHER</Text>
		</Row>
		<Row Tag="TXT_KEY_OTHER_TT">
			<Text>Other information</Text>
		</Row>
		<Row Tag="TXT_KEY_HALL_OF_FAME">
			<Text>HALL OF FAME</Text>
		</Row>
		<Row Tag="TXT_KEY_HALL_OF_FAME_TT">
			<Text>Highest scores.</Text>
		</Row>
		<Row Tag="TXT_KEY_LATEST_NEWS">
			<Text>LATEST NEWS</Text>
		</Row>
		<Row Tag="TXT_KEY_LATEST_NEWS_TT">
			<Text>Read the Latest News (Requires Active Internet Connection).</Text>
		</Row>
		<Row Tag="TXT_KEY_CREDITS">
			<Text>CREDITS</Text>
		</Row>
		<Row Tag="TXT_KEY_CREDITS_TT">
			<Text>Brought to you by...</Text>
		</Row>
		<Row Tag="TXT_KEY_EXIT_BUTTON">
			<Text>EXIT</Text>
		</Row>
		<Row Tag="TXT_KEY_EXIT_TT">
			<Text>Exit to windows.</Text>
		</Row>
		<Row Tag="TXT_KEY_SINGLE_PLAYER">
			<Text>Single Player</Text>
		</Row>
		<Row Tag="TXT_KEY_MULTIPLAYER_STRING">
			<Text>MultiPlayer </Text>
		</Row>
		<Row Tag="TXT_KEY_AUTOSAVES">
			<Text>Autosaves</Text>
		</Row>
		<Row Tag="TXT_KEY_STEAMCLOUD">
			<Text>Steam Cloud</Text>
		</Row>
		<Row Tag="TXT_KEY_STEAM_EMPTY_SAVE">
			<Text>Empty Save Slot</Text>
		</Row>
		<Row Tag="TXT_KEY_STEAMCLOUD_SAVE">
			<Text>{1_SaveNumber}. {2_SaveName}</Text>
		</Row>
		<Row Tag="TXT_KEY_NAME_CIV_TITLE">
			<Text>Name Your Civilization!</Text>
		</Row>
		<Row Tag="TXT_KEY_MAP_TYPE_TITLE">
			<Text>Select Map Type</Text>
		</Row>
		<Row Tag="TXT_KEY_MAP_TITLE">
			<Text>Select Modded Map</Text>
		</Row>
		<Row Tag="TXT_KEY_MAP_SIZE_FORMAT">
			<Text>Map Size: {1_string}</Text>
		</Row>
		<Row Tag="TXT_KEY_CIVS_FORMAT">
			<Text>Civilizations: {1_number}</Text>
		</Row>
		<Row Tag="TXT_KEY_MAX_TURN_FORMAT">
			<Text>Max Turns: {1_number}</Text>
		</Row>
		<Row Tag="TXT_KEY_START_ERA_FORMAT">
			<Text>Start Era: {1_string}</Text>
		</Row>
		<Row Tag="TXT_KEY_VICTORYS_FORMAT">
			<Text>Victory Types: </Text>
		</Row>
		<Row Tag="TXT_KEY_ADVANCED_OPTIONS">
			<Text>Advanced Game Options: </Text>
		</Row>
		<Row Tag="TXT_KEY_DLC_ALLOWED">
			<Text>DLC Allowed: </Text>
		</Row>
		<Row Tag="TXT_KEY_CITY_STATES_FORMAT">
			<Text>City-States: {1_number}</Text>
		</Row>
		<Row Tag="TXT_KEY_FILE_INFO_NOT_FOUND">
			<Text>Map information not found</Text>
		</Row>
		<Row Tag="TXT_KEY_GAME_LOADING">
			<Text>Loading...</Text>
		</Row>
		<Row Tag="TXT_KEY_PGSCREEN_LEADERNAME">
			<Text>Leader Name</Text>
		</Row>
		<Row Tag="TXT_KEY_PGSCREEN_CIVNAME">
			<Text>Civilization Name</Text>
		</Row>
		<Row Tag="TXT_KEY_PGSCREEN_DIPLOSTATUS">
			<Text>Diplomacy Status</Text>
		</Row>
		<Row Tag="TXT_KEY_PGSCREEN_MAPTYPE">
			<Text>Select Map Type</Text>
		</Row>
		<Row Tag="TXT_KEY_PGSCREEN_CONTINENTS">
			<Text>Continents</Text>
		</Row>
		<Row Tag="TXT_KEY_PGSCREEN_FRACTAL">
			<Text>Fractal</Text>
		</Row>
		<Row Tag="TXT_KEY_PGSCREEN_HUB">
			<Text>Hub</Text>
		</Row>
		<Row Tag="TXT_KEY_PGSCREEN_WHEEL">
			<Text>Wheel</Text>
		</Row>
		<Row Tag="TXT_KEY_PGSCREEN_MAPSIZE">
			<Text>Select Map Size</Text>
		</Row>
		<Row Tag="TXT_KEY_PGSCREEN_DEBUG_MICRO">
			<Text>Debug Micro</Text>
		</Row>
		<Row Tag="TXT_KEY_PGSCREEN_TINY">
			<Text>Tiny</Text>
		</Row>
		<Row Tag="TXT_KEY_PGSCREEN_SMALL">
			<Text>Small</Text>
		</Row>
		<Row Tag="TXT_KEY_PGSCREEN_STANDARD">
			<Text>Standard</Text>
		</Row>
		<Row Tag="TXT_KEY_PGSCREEN_GAME_SPEED">
			<Text>Select Game Pace</Text>
		</Row>
		<Row Tag="TXT_KEY_PGSCREEN_SPEED_QUICK">
			<Text>Quick</Text>
		</Row>
		<Row Tag="TXT_KEY_PGSCREEN_SPEED_STANDARD">
			<Text>Standard</Text>
		</Row>
		<Row Tag="TXT_KEY_PGSCREEN_SPEED_EPIC">
			<Text>Epic</Text>
		</Row>
		<Row Tag="TXT_KEY_PGSCREEN_DIFFICULTY">
			<Text>Select Difficulty Level</Text>
		</Row>
		<Row Tag="TXT_KEY_PGSCREEN_CHIEFTAN">
			<Text>Chieftan</Text>
		</Row>
		<Row Tag="TXT_KEY_PGSCREEN_EMPEROR">
			<Text>Emperor</Text>
		</Row>
		<Row Tag="TXT_KEY_PGSCREEN_IMMORTAL">
			<Text>Immortal</Text>
		</Row>
		<Row Tag="TXT_KEY_PGSCREEN_CIVILIZATION_POINTS">
			<Text>My Civilization Points:</Text>
		</Row>
		<Row Tag="TXT_KEY_TITLE_BAR">
			<Text>Title</Text>
		</Row>
		<Row Tag="TXT_KEY_TITLE_BODY_DESCRIPTION">
			<Text>Body for things that need to have a body of text under their title</Text>
		</Row>
		<Row Tag="TXT_KEY_SOMEONE_STILL_LOADING">
			<Text>SOMEONE is STILL loading</Text>
		</Row>
		<!-- Advanced Setup Screen Buttons and Headers-->
		<Row Tag="TXT_KEY_AD_SETUP_REMOVE_AI_PLAYER">
			<Text>Remove AI</Text>
		</Row>
		<Row Tag="TXT_KEY_AD_SETUP_REMOVE_AI_PLAYER_TT">
			<Text>Remove this AI Player.</Text>
		</Row>
		<Row Tag="TXT_KEY_AD_SETUP_GAME_OPTIONS">
			<Text>Game Options</Text>
		</Row>
		<Row Tag="TXT_KEY_AD_SETUP_CIVILIZATION">
			<Text>Civilizations: {1_count}</Text>
		</Row>
		<Row Tag="TXT_KEY_AD_SETUP_UNKNOWN_PLAYERS">
			<Text>Unknown Number of Players [NEWLINE][NEWLINE](Select Map Size to edit the number of players)</Text>
		</Row>
		<Row Tag="TXT_KEY_AD_SETUP_DEFAULT">
			<Text>Reset</Text>
		</Row>
		<Row Tag="TXT_KEY_AD_SETUP_ADD_DEFAULT_TT">
			<Text>Reset Options to Default</Text>
		</Row>
		<Row Tag="TXT_KEY_AD_SETUP_RAGING_BARBARIANS">
			<Text>Raging Barbarians</Text>
		</Row>
		<Row Tag="TXT_KEY_AD_SETUP_RAGING_BARBARIANS_TT">
			<Text>Toggles whether the game has Raging Barbarians.</Text>
		</Row>
		<Row Tag="TXT_KEY_AD_SETUP_NUCLEAR_FIRST_STRIKE">
			<Text>AI Nuclear First Strike</Text>
		</Row>
		<Row Tag="TXT_KEY_AD_SETUP_NUCLEAR_FIRST_STRIKE_TT">
			<Text>Allows the AI to use nuclear weapons before the human player has.</Text>
		</Row>
		<Row Tag="TXT_KEY_AD_SETUP_NO_BARBARIANS">
			<Text>No Barbarians</Text>
		</Row>
		<Row Tag="TXT_KEY_AD_SETUP_NO_BARBARIANS_TT">
			<Text>Removes all Barbarians from the map.</Text>
		</Row>
		<Row Tag="TXT_KEY_AD_SETUP_ADD_AI_PLAYER">
			<Text>Add AI Player</Text>
		</Row>
		<Row Tag="TXT_KEY_AD_SETUP_ADD_AI_PLAYER_TT">
			<Text>Add an AI Player.</Text>
		</Row>
		<Row Tag="TXT_KEY_AD_SETUP_GAME_SPEED">
			<Text>Game Pace</Text>
		</Row>
		<Row Tag="TXT_KEY_AD_GAME_SPEED_SETTING">
			<Text>Game Pace: {1_gamePace}</Text>
		</Row>
		<Row Tag="TXT_KEY_AD_CHOOSE_SPEED">
			<Text>Select Game Pace</Text>
		</Row>
		<Row Tag="TXT_KEY_AD_SELECT_DIFFICULTY">
			<Text>Select Difficulty Level</Text>
		</Row>
		<Row Tag="TXT_KEY_AD_SELECT_MAP_SIZE">
			<Text>Select Map Size</Text>
		</Row>
		<Row Tag="TXT_KEY_AD_SETUP_MAP_SIZE">
			<Text>Map Size</Text>
		</Row>
		<Row Tag="TXT_KEY_AD_MAP_SIZE_SETTING">
			<Text>Map Size: {1_mapSize}</Text>
		</Row>
		<Row Tag="TXT_KEY_AD_SETUP_MAP">
			<Text>Map</Text>
		</Row>
		<Row Tag="TXT_KEY_AD_SETUP_MAP_TYPE">
			<Text>Map Type</Text>
		</Row>
		<Row Tag="TXT_KEY_AD_MAP_TYPE_SETTING">
			<Text>Map Type: {1_mapType}</Text>
		</Row>
		<Row Tag="TXT_KEY_AD_SETUP_ADVANCED_OPTIONS">
			<Text>ADVANCED SETUP</Text>
		</Row>
		<Row Tag="TXT_KEY_REFRESH_GAME_LIST_TT">
			<Text>Return to Game Setup</Text>
		</Row>
		<Row Tag="TXT_KEY_NUMBERING_FORMAT">
			<Text>{1_number}.</Text>
		</Row>
		<Row Tag="TXT_KEY_AD_SETUP_GAME_ERA">
			<Text>Game Era</Text>
		</Row>
    <Row Tag="TXT_KEY_AD_SETUP_GAME_TURN_MODE">
      <Text>Turn Mode</Text>
    </Row>
		<Row Tag="TXT_KEY_AD_SETUP_HANDICAP">
			<Text>Difficulty Level</Text>
		</Row>
		<Row Tag="TXT_KEY_AD_HANDICAP_SETTING">
			<Text>Difficulty Level: {1_handicap}</Text>
		</Row>
		<Row Tag="TXT_KEY_AD_SETUP_CITY_STATES">
			<Text>City-States: {1_number}</Text>
		</Row>
		<Row Tag="TXT_KEY_AD_SETUP_MAX_TURNS">
			<Text>Max Turns</Text>
		</Row>
		<Row Tag="TXT_KEY_AD_MAP_DESC_FORMAT">
			<Text>{1_description} [NEWLINE] Num Civs: {2_civs}      Max Turns: {3_num}      Start Era: {4_era}</Text>
		</Row>
		<Row Tag="TXT_KEY_AD_SETUP_PLAYER_COUNT">
			<Text>Players: {1_PlayerCount}</Text>
		</Row>
		<Row Tag="TXT_KEY_AD_SETUP_START_ERA">
			<Text>Starting Era: {@1_Era}</Text>
		</Row>
		<Row Tag="TXT_KEY_AD_SETUP_MAX_TURNS_1">
			<Text>Max Turns: {1_NumTurns}</Text>
		</Row>
		<Row Tag="TXT_KEY_AD_SETUP_MAX_TURNS_TT">
			<Text>Game will end when max turns is reached.</Text>
		</Row>
		<Row Tag="TXT_KEY_GAME_SETUP_RANDOMIZE">
			<Text>Randomize</Text>
		</Row>
		<Row Tag="TXT_KEY_GAME_ADVANCED_SETUP">
			<Text>Advanced Setup</Text>
		</Row>
		<Row Tag="TXT_KEY_GAME_SELECTION_SCREEN">
			<Text>SET UP GAME</Text>
		</Row>
		<Row Tag="TXT_KEY_PLAYER_TYPE_HUMAN">
			<Text>Human</Text>
		</Row>
		<Row Tag="TXT_KEY_GAME_OPTION_END_TURN_TIMER_ENABLED">
			<Text>Enable Turn Timer</Text>
		</Row>
		<Row Tag="TXT_KEY_GAME_OPTION_END_TURN_TIMER_ENABLED_HELP">
			<Text>Turns will end automatically when timer finishes.[NEWLINE]0 = Game dynamically scales the turn time.</Text>
		</Row>
    <Row Tag="TXT_KEY_SECONDS">
      <Text>Seconds</Text>
    </Row>
    <Row Tag="TXT_KEY_MINUTES">
      <Text>Minutes</Text>
    </Row>
    <Row Tag="TXT_KEY_HOURS">
      <Text>Hours</Text>
    </Row>
		<Row Tag="TXT_KEY_GAME_OPTION_QUICK_COMBAT">
			<Text>Quick Combat</Text>
		</Row>
		<Row Tag="TXT_KEY_GAME_OPTION_QUICK_COMBAT_HELP">
			<Text>No combat animations are played when units attack.</Text>
		</Row>
		<Row Tag="TXT_KEY_GAME_OPTION_QUICK_MOVEMENT">
			<Text>Quick Movement</Text>
		</Row>
		<Row Tag="TXT_KEY_GAME_OPTION_QUICK_MOVEMENT_HELP">
			<Text>No animations are played when units move.</Text>
		</Row>

		<!-- Multiplayer Setup Screens-->
		<Row Tag="TXT_KEY_MULTIPLAYER_JOINING_ROOM">
			<Text>Joining Room...</Text>
		</Row>
		<Row Tag="TXT_KEY_MULTIPLAYER_JOINING_HOST">
			<Text>Connecting to host...</Text>
		</Row>
    <Row Tag="TXT_KEY_MULTIPLAYER_JOINING_PLAYERS">
      <Text>Connecting to players...</Text>
    </Row>
    <Row Tag="TXT_KEY_MULTIPLAYER_JOINING_GAMESTATE">
      <Text>Retrieving Host Information...</Text>
    </Row>
		<Row Tag="TXT_KEY_MULTIPLAYER_SEARCHING_GAME">
			<Text>Searching for Games...</Text>
		</Row>
		<Row Tag="TXT_KEY_MULTIPLAYER_GAMES_FOUND">
			<Text>Games Found:</Text>
		</Row>
		<Row Tag="TXT_KEY_MULTIPLAYER_SERVER_NAME">
			<Text>Server Name</Text>
		</Row>
		<Row Tag="TXT_KEY_MULTIPLAYER_MEMBERS">
			<Text>Members</Text>
		</Row>
		<Row Tag="TXT_KEY_MULTIPLAYER_DLCHOSTED">
			<Text>DLC</Text>
		</Row>
		<Row Tag="TXT_KEY_MULTIPLAYER_MODSHOSTED">
			<Text>Mods</Text>
		</Row>
		<Row Tag="TXT_KEY_MULTIPLAYER_INTERNET_LOBBY">
			<Text>INTERNET GAMES</Text>
		</Row>
    <Row Tag="TXT_KEY_MULTIPLAYER_PITBOSS_LOBBY">
      <Text>PITBOSS GAMES</Text>
    </Row>
		<Row Tag="TXT_KEY_MOD_INTERNET_LOBBY">
			<Text>MOD INTERNET GAMES</Text>
		</Row>
		<Row Tag="TXT_KEY_MULTIPLAYER_REFRESH_GAME_LIST">
			<Text>Refresh</Text>
		</Row>
    <Row Tag="TXT_KEY_MULTIPLAYER_REFRESH_GAME_LIST_TT">
      <Text>Retrieve the latest game list information.</Text>
    </Row>
		<Row Tag="TXT_KEY_MULTIPLAYER_STOP_REFRESH_GAME_LIST">
			<Text>Stop Refresh</Text>
		</Row>
		<Row Tag="TXT_KEY_MULTIPLAYER_STOP_REFRESH_GAME_LIST_TT">
			<Text>Stop the game list information retrieval.</Text>
		</Row>
    <Row Tag="TXT_KEY_MULTIPLAYER_CONNECT_TO_IP">
      <Text>Connect to IP Address</Text>
    </Row>
    <Row Tag="TXT_KEY_MULTIPLAYER_CONNECT_TO_IP_TT">
      <Text>Connect to a pitboss game at a given public IP address.</Text>
    </Row>  
		<Row Tag="TXT_KEY_CONNECTED">
			<Text>Connected</Text>
		</Row>
		<Row Tag="TXT_KEY_DISCONNECTED">
			<Text>Disconnected</Text>
		</Row>
		<Row Tag="TXT_KEY_HOST_MIGRATION">
			<Text>Is Now the Host</Text>
		</Row>
    <Row Tag="TXT_KEY_KICKED">
      <Text>Was Kicked</Text>
    </Row>
		<Row Tag="TXT_KEY_MULTIPLAYER_JOIN_GAME">
			<Text>Join Game</Text>
		</Row>
		<Row Tag="TXT_KEY_MULTIPLAYER_LAN_LOBBY">
			<Text>LOCAL NETWORK GAMES</Text>
		</Row>
		<Row Tag="TXT_KEY_MOD_LAN_LOBBY">
			<Text>MOD LOCAL NETWORK GAMES</Text>
		</Row>
		<Row Tag="TXT_KEY_MULTIPLAYER_SELECT_MULTIPLAYER_TYPE">
			<Text>Multiplayer</Text>
		</Row>
		<Row Tag="TXT_KEY_MODS_SELECT_MULTIPLAYER_TYPE">
			<Text>Mods Multiplayer</Text>
		</Row>
    <Row Tag="TXT_KEY_MULTIPLAYER_STANDARD_GAME">
      <Text>Standard</Text>
    </Row>
    <Row Tag="TXT_KEY_MULTIPLAYER_STANDARD_GAME_TT">
      <Text>Play a multiplayer game where players take turns continuously with each other.</Text>
    </Row>
		<Row Tag="TXT_KEY_MULTIPLAYER_INTERNET_GAME">
			<Text>Internet</Text>
		</Row>
    <Row Tag="TXT_KEY_MULTIPLAYER_INTERNET_GAME_TT">
      <Text>Play a multplayer game on the internet.</Text>
    </Row>
		<Row Tag="TXT_KEY_MULTIPLAYER_LAN_GAME">
			<Text>Local Network</Text>
		</Row>
    <Row Tag="TXT_KEY_MULTIPLAYER_LAN_GAME_TT">
      <Text>Play a multiplayer game on the local network.</Text>
    </Row>
		<Row Tag="TXT_KEY_MULTIPLAYER_HOTSEAT_GAME">
			<Text>Hot Seat</Text>
		</Row>
    <Row Tag="TXT_KEY_MULTIPLAYER_HOTSEAT_GAME_TT">
      <Text>Play a multiplayer game where players take alternating turns on this machine.</Text>
    </Row>
    <Row Tag="TXT_KEY_MULTIPLAYER_PITBOSS_GAME">
      <Text>Pitboss</Text>
    </Row>
    <Row Tag="TXT_KEY_MULTIPLAYER_PITBOSS_GAME_TT">
      <Text>Play a multiplayer game where a dedicated server controls the game over a long period of time.</Text>
    </Row>
		<Row Tag="TXT_KEY_MULTIPLAYER_RECONNECT">
			<Text>Reconnect To Last Game</Text>
		</Row>
		<Row Tag="TXT_KEY_MULTIPLAYER_GAME_SETUP_HEADER">
			<Text>SETUP MULTIPLAYER GAME</Text>
		</Row>
		<Row Tag="TXT_KEY_MOD_MP_GAME_SETUP_HEADER">
			<Text>SETUP MOD MULTIPLAYER GAME</Text>
		</Row>
		<Row Tag="TXT_KEY_MULTIPLAYER_BROWSE_GAMES">
			<Text>Browse Games</Text>
		</Row>
		<Row Tag="TXT_KEY_LOADING_SAVED_GAME">
			<Text>Loading Saved Game</Text>
		</Row>
    <Row Tag="TXT_KEY_GAME_IN_PROGRESS">
      <Text>Game In Progress</Text>
    </Row>
    <Row Tag="TXT_KEY_JOINING_GAME_IN_PROGRESS">
      <Text>Joining game in progress</Text>
    </Row>  
		<Row Tag="TXT_KEY_LOAD_GAME">
			<Text>Load Game</Text>
		</Row>
		<Row Tag="TXT_KEY_BAD_TEAMS">
			<Text>You must have at least 2 teams.</Text>
		</Row>
		<Row Tag="TXT_KEY_LAUNCH_GAME_BLOCKED_PLAYER_JOINING">
			<Text>A player is joining the game.  Please wait.</Text>
		</Row>
		<Row Tag="TXT_KEY_START_GAME">
			<Text>Start Game</Text>
		</Row>
		<Row Tag="TXT_KEY_HOST_GAME">
			<Text>Host Game</Text>
		</Row>
		<Row Tag="TXT_KEY_HOST">
			<Text>Host</Text>
		</Row>
		<Row Tag="TXT_KEY_FIND_GAME">
			<Text>Find Game</Text>
		</Row>
		<Row Tag="TXT_KEY_START_SCENARIO">
			<Text>Start Scenario</Text>
		</Row>
		<Row Tag="TXT_KEY_HOST_SCENARIO">
			<Text>Host Scenario</Text>
		</Row>
		<Row Tag="TXT_KEY_FIND_SCENARIO">
			<Text>Find Scenario</Text>
		</Row>
		<Row Tag="TXT_KEY_MULTIPLAYER_HOST_GAME">
			<Text>Host Game</Text>
		</Row>
    <Row Tag="TXT_KEY_MULTIPLAYER_HOST_GAME_TT">
      <Text>Start a new multiplayer game.</Text>
    </Row>   
		<Row Tag="TXT_KEY_MULTIPLAYER_HOST_PRIVATE_GAME">
			<Text>Host Private Game</Text>
		</Row>
		<Row Tag="TXT_KEY_MULTIPLAYER_PRIVATE_GAME">
			<Text>Private Game</Text>
		</Row>
		<Row Tag="TXT_KEY_ACTIVE_MODS">
			<Text>Active Mods</Text>
		</Row>
		<Row Tag="TXT_KEY_MULTIPLAYER_STAGING_ROOM_HEADER_PLAYER">
			<Text>Players</Text>
		</Row>
    <Row Tag="TXT_KEY_MULTIPLAYER_STAGING_ROOM_HEADER_PLAYER_TT">
      <Text>Display players list.</Text>
    </Row>
    <Row Tag="TXT_KEY_MULTIPLAYER_STAGING_ROOM_GAME_OPTIONS_TT">
      <Text>Change game options. (Host Only)</Text>
    </Row>
		<Row Tag="TXT_KEY_MULTIPLAYER_STAGING_ROOM_HEADER_CIVILIZATION">
			<Text>Civilization</Text>
		</Row>
		<Row Tag="TXT_KEY_MULTIPLAYER_PLAYER_STATUS_READY">
			<Text>Ready</Text>
		</Row>
		<Row Tag="TXT_KEY_MULTIPLAYER_DEFAULT_PLAYER_NAME">
			<Text>Player {1_Num}</Text>
		</Row>
		<Row Tag="TXT_KEY_MULTIPLAYER_DEFAULT_TEAM_NAME">
			<Text>Team {1_Num}</Text>
		</Row>
    <Row Tag="TXT_KEY_MULTIPLAYER_OBSERVER_TEAM_NAME">
      <Text>Observers</Text>
    </Row>
		<Row Tag="TXT_KEY_MULTIPLAYER_DEFAULT_SERVER_PLAYER_NAME">
			<Text>Server</Text>
		</Row>
		<Row Tag="TXT_KEY_MULTIPLAYER_DEFAULT_SERVER_NAME">
			<Text>Server {1_Num}</Text>
		</Row>
		<Row Tag="TXT_KEY_AI_NICKNAME">
			<Text>AI</Text>
		</Row>
		<Row Tag="TXT_KEY_WAITING_FOR_INVITE_RESPONSE">
			<Text>Waiting for {1_player}</Text>
		</Row>
		<Row Tag="TXT_KEY_MULTIPLAYER_STATUS_LISTING">
			<Text>Status</Text>
		</Row>
		<Row Tag="TXT_KEY_MULTIPLAYER_RESUME_LAST_GAME">
			<Text>Resume Last Game</Text>
		</Row>
		<Row Tag="TXT_KEY_MULTIPLAYER_STAGING_ROOM">
			<Text>Staging Room</Text>
		</Row>
    <Row Tag="TXT_KEY_MULTIPLAYER_DEDICATED_SERVER_ROOM">
      <Text>Dedicated Server Room</Text>
    </Row>
		<Row Tag="TXT_KEY_MULTIPLAYER_LAUNCH_GAME">
			<Text>Launch Game</Text>
		</Row>
		<Row Tag="TXT_KEY_MP_READY_CHECK">
			<Text>Ready Status</Text>
		</Row>
		<Row Tag="TXT_KEY_MP_READY_CHECK_UNAVAILABLE_DATA_HELP">
			<Text>Ready is unavailable because another player is using a DLC that is not installed on your computer.</Text>
		</Row>
		<Row Tag="TXT_KEY_MP_KICK_PLAYER">
			<Text>Kick Player</Text>
		</Row>
		<Row Tag="TXT_KEY_MP_LOCK_SLOT">
			<Text>Lock AI Player</Text>
		</Row>
		<Row Tag="TXT_KEY_MP_UNLOCK_SLOT">
			<Text>Unlock AI Player</Text>
		</Row>
		<Row Tag="TXT_KEY_MP_DISABLE_SLOT">
			<Text>Disable Slot</Text>
		</Row>
		<Row Tag="TXT_KEY_MP_ENABLE_SLOT">
			<Text>Enable Slot</Text>
		</Row>
    <Row Tag="TXT_KEY_MP_SWAP_BUTTON_TT">
      <Text>Swap to this player slot.</Text>
    </Row>
		<Row Tag="TXT_KEY_MULTIPLAYER_TO_ALL">
			<Text>To All:</Text>
		</Row>
		<Row Tag="TXT_KEY_MULTIPLAYER_SELECT_SAVED_GAME">
			<Text>Select Saved Game</Text>
		</Row>
		<Row Tag="TXT_KEY_MULTIPLAYER_AUTOSAVES">
			<Text>Autosaves</Text>
		</Row>
		<Row Tag="TXT_KEY_MULTIPLAYER_CANCEL_LOAD_TT">
			<Text>Cancel Loading a Multiplayer Save.</Text>
		</Row>
		<Row Tag="TXT_KEY_MULTIPLAYER_INTERNET_DESC">
			<Text>Select the game type you want to play and the system will match you with players looking for the same game type. To host a game where you can invite friends to you game and not be joined by random players check "Host Private Game."</Text>
		</Row>
		<Row Tag="TXT_KEY_MULTIPLAYER_INVITE">
			<Text>Invite</Text>
		</Row>
		<Row Tag="TXT_KEY_MULTIPLAYER_INVITE_TT">
			<Text>Invite friends to join your game.</Text>
		</Row>
		<Row Tag="TXT_KEY_SLOTTYPE_OPEN">
			<Text>Open</Text>
		</Row>
    <Row Tag="TXT_KEY_SLOTTYPE_OPEN_TT">
      <Text>Open slots can be occupied by joining players.</Text>
    </Row>
		<Row Tag="TXT_KEY_SLOTTYPE_HUMANREQ">
			<Text>Human Required</Text>
		</Row>
    <Row Tag="TXT_KEY_SLOTTYPE_HUMANREQ_TT">
      <Text>Human Required slots require a human player before the game can start.</Text>
    </Row>
		<Row Tag="TXT_KEY_SLOTTYPE_AI">
			<Text>AI</Text>
		</Row>
    <Row Tag="TXT_KEY_SLOTTYPE_AI_TT">
      <Text>AI Player</Text>
    </Row>
		<Row Tag="TXT_KEY_SLOTTYPE_OBSERVER">
			<Text>Observer</Text>
		</Row>
    <Row Tag="TXT_KEY_SLOTTYPE_OBSERVER_TT">
      <Text>Observers view the game without participating as a civilization.</Text>
    </Row>
		<Row Tag="TXT_KEY_SLOTTYPE_CLOSED">
			<Text>Closed</Text>
		</Row>
    <Row Tag="TXT_KEY_SLOTTYPE_CLOSED_TT">
      <Text>Closed slots can not be used by players.</Text>
    </Row>
    <Row Tag="TXT_KEY_SLOTTYPE_HUMAN_TT">
      <Text>Human Player</Text>
    </Row>
		<Row Tag="TXT_KEY_GAMESTART_COUNTDOWN_FORMAT">
			<Text>Game Starts In: {1_number}</Text>
		</Row>
		<Row Tag="TXT_KEY_MULTIPLAYER_HOST_LAN">
			<Text>Host a LAN Game</Text>
		</Row>
		<Row Tag="TXT_KEY_MULTIPLAYER_HOST_LAN_DESC">
			<Text>Select game options then host a game. This will create a game that players on you LAN will see in the lobby and be able to join.</Text>
		</Row>
		<Row Tag="TXT_KEY_MP_JOIN_FAILED">
			<Text>Error joining multiplayer session.</Text>
		</Row>
		<Row Tag="TXT_KEY_MP_JOIN_FAILED_MISSING_RESOURCES">
			<Text>Error joining multiplayer game.  Some required DLC/Mods are not installed.</Text>
		</Row>
		<Row Tag="TXT_KEY_MP_NICK_NAME">
			<Text>Nick Name</Text>
		</Row>
		<Row Tag="TXT_KEY_MP_USE_PASSWORD">
			<Text>Use Password</Text>
		</Row>
		<Row Tag="TXT_KEY_MP_USE_PASSWORD_TT">
			<Text>Use a password to start the player's turn</Text>
		</Row>
		<Row Tag="TXT_KEY_MP_PASSWORD">
			<Text>Password</Text>
		</Row>
		<Row Tag="TXT_KEY_MP_RETYPE_PASSWORD">
			<Text>Retype</Text>
		</Row>
		<Row Tag="TXT_KEY_MP_KICKED">
			<Text>You have been kicked from the game by the host.</Text>
		</Row>
		<Row Tag="TXT_KEY_MP_NETWORK_CONNECTION_LOST">
			<Text>Network connection has been lost.</Text>
		</Row>
    <Row Tag="TXT_KEY_MP_HOST_LOST">
      <Text>Network connection to host has been lost.</Text>
    </Row>
    <Row Tag="TXT_KEY_MP_LAST_PLAYER">
      <Text>You are the last remaining human player in the game.</Text>
    </Row>
		<Row Tag="TXT_KEY_MP_ROOM_FULL">
			<Text>The game has the maximum number of players.</Text>
		</Row>
		<Row Tag="TXT_KEY_GAME_OPTION_SIMULTANEOUS_TURNS">
			<Text>Simultaneous</Text>
		</Row>
		<Row Tag="TXT_KEY_GAME_OPTION_SIMULTANEOUS_TURNS_HELP">
			<Text>Players take their turns at the same time.</Text>
		</Row>
    <Row Tag="TXT_KEY_GAME_OPTION_SEQUENTIAL_TURNS">
      <Text>Sequential</Text>
    </Row>
    <Row Tag="TXT_KEY_GAME_OPTION_SEQUENTIAL_TURNS_HELP">
      <Text>Players take their turns in order.</Text>
    </Row>
		<Row Tag="TXT_KEY_GAME_OPTION_DYNAMIC_TURNS">
			<Text>Hybrid</Text>
		</Row>
		<Row Tag="TXT_KEY_GAME_OPTION_DYNAMIC_TURNS_HELP">
			<Text>Players take turns based on their war status.[NEWLINE]Warring human players take their turns sequentially.[NEWLINE]Non-warring players take their turns simultaneously.</Text>
		</Row>
		<Row Tag="TXT_KEY_GAME_OPTION_PITBOSS">
			<Text>Pitboss</Text>
		</Row>
		<Row Tag="TXT_KEY_GAME_OPTION_PITBOSS_HELP">
			<Text>Players (other than the host) can enter/exit the game whenever they want.  Players are sent turn notifications when it is their turn.</Text>
		</Row>
		<Row Tag="TXT_KEY_LIST_LOBBIES_INTERNET">
			<Text>Lobbies: Internet</Text>
		</Row>
		<Row Tag="TXT_KEY_LIST_LOBBIES_INTERNET_TT">
			<Text>Steam Lobbies on the Internet.</Text>
		</Row>
		<Row Tag="TXT_KEY_LIST_SERVERS_INTERNET">
			<Text>Servers: Internet</Text>
		</Row>
		<Row Tag="TXT_KEY_LIST_SERVERS_INTERNET_TT">
			<Text>Steam Dedicated Servers on the Internet.</Text>
		</Row>
		<Row Tag="TXT_KEY_LIST_SERVERS_LAN">
			<Text>Servers: LAN</Text>
		</Row>
		<Row Tag="TXT_KEY_LIST_SERVERS_LAN_TT">
			<Text>Steam Dedicated Servers on the local LAN.</Text>
		</Row>
		<Row Tag="TXT_KEY_LIST_SERVERS_FRIENDS">
			<Text>Servers: Friends</Text>
		</Row>
		<Row Tag="TXT_KEY_LIST_SERVERS_FRIENDS_TT">
			<Text>Steam Dedicated Servers hosted by friends on the Internet.</Text>
		</Row>
		<Row Tag="TXT_KEY_LIST_SERVERS_FAVORITES">
			<Text>Servers: Favorites</Text>
		</Row>
		<Row Tag="TXT_KEY_LIST_SERVERS_FAVORITES_TT">
			<Text>Steam Dedicated Servers marked as Favorites.</Text>
		</Row>
		<Row Tag="TXT_KEY_LIST_SERVERS_HISTORY">
			<Text>Servers: History</Text>
		</Row>
		<Row Tag="TXT_KEY_LIST_SERVERS_HISTORY_TT">
			<Text>Steam Dedicated Servers you have recently played on.</Text>
		</Row>

		<!-- MAP SCIPT TEXT -->

		<Row Tag="TXT_KEY_MAP_CONTINENTS_PLUS">
			<Text>Continents Plus</Text>
		</Row>
		<Row Tag="TXT_KEY_MAP_CONTINENTS_PLUS_HELP">
			<Text>Similar to Continents, but with expanded scripting for chains of islands and city state placement.</Text>
		</Row>

		<Row Tag="TXT_KEY_MAP_PANGAEA_PLUS">
			<Text>Pangaea Plus</Text>
		</Row>
		<Row Tag="TXT_KEY_MAP_PANGAEA_PLUS_HELP">
			<Text>Similar to Pangaea, but with expanded scripting for chains of islands and city state placement.</Text>
		</Row>

		<Row Tag="TXT_KEY_MAP_SANDSTORM">
			<Text>Sandstorm</Text>
		</Row>
		<Row Tag="TXT_KEY_MAP_SANDSTORM_HELP">
			<Text>A harsh world composed primarily of desert with smaller patches of plains and grassland.</Text>
		</Row>

		<Row Tag="TXT_KEY_OTHER_MENU_VIEW_REPLAYS">
			<Text>VIEW REPLAYS</Text>
		</Row>
		<Row Tag="TXT_KEY_OTHER_MENU_VIEW_REPLAYS_TT">
			<Text>View replays of previous games.</Text>
		</Row>

		<Row Tag="TXT_KEY_LOAD_REPLAY_MENU_TITLE">
			<Text>SELECT REPLAY</Text>
		</Row>
		<Row Tag="TXT_KEY_LOAD_REPLAY_MENU_SELECT_REPLAY">
			<Text>Select Replay</Text>
		</Row>
		<Row Tag="TXT_KEY_LOAD_REPLAY_MENU_PLEASE_SELECT_REPLAY">
			<Text>Please select a replay file.</Text>
		</Row>
		<Row Tag="TXT_KEY_LOAD_REPLAY_MENU_INVALID_REPLAY_FILE">
			<Text>Invalid or outdated replay file.</Text>
		</Row>

		<Row Tag="TXT_KEY_NO_REPLAYS">
			<Text>NO REPLAYS AVAILABLE</Text>
		</Row>

		<Row Tag="TXT_KEY_SORTBY_NAME">
			<Text>Sort by Name</Text>
		</Row>

		<Row Tag="TXT_KEY_SORTBY_LASTMODIFIED">
			<Text>Sort by Last Modified</Text>
		</Row>

		<Row Tag="TXT_KEY_MULTIPLAYER_LOBBY_NO">
			<Text>No</Text>
		</Row>

		<Row Tag="TXT_KEY_MULTIPLAYER_LOBBY_YES">
			<Text>Yes</Text>
		</Row>
		<Row Tag="TXT_KEY_STAGING_ROOM_UNDER_1_MS">
			<Text>&lt;1ms</Text>
		</Row>
		<Row Tag="TXT_KEY_STAGING_ROOM_TIME_MS">
			<Text>ms</Text>
		</Row>
		<Row Tag="TXT_KEY_STAGING_ROOM_TIME_S">
			<Text>s</Text>
		</Row>
		<Row Tag="TXT_KEY_LOBBY_REQUIRED_DLC">
			<Text>Required DLC:</Text>
		</Row>


		<!-- Leaderboard Screen -->
		<Row Tag="TXT_KEY_LB_REQUESTINGSCORES" >
			<Text>Retrieving Leaderboard Scores...</Text>
		</Row>
		<Row Tag="TXT_KEY_LB_NOTSUPPORTEDBYMOD" >
			<Text>Leaderboards are not supported by your current mod configuration.</Text>
		</Row>
		<Row Tag="TXT_KEY_LB_NOLEADERBOARD" >
			<Text>There are no scores posted to this leaderboard.[NEWLINE]Be the first player to post a score by completing a singleplayer game!</Text>
		</Row>
		<Row Tag="TXT_KEY_LB_NOSCORES_FRIENDS" >
			<Text>You and your friends have not posted to this leaderboard.[NEWLINE]Take on your friends by completing a singleplayer game!</Text>
		</Row>
		<Row Tag="TXT_KEY_LB_NOSCORES_PERSONAL" >
			<Text>You have not posted to this leaderboard.[NEWLINE]Take on the world by completing a singleplayer game!</Text>
		</Row>
		<Row Tag="TXT_KEY_LEADERBOARD_PULLDOWN" >
			<Text>Leaderboards</Text>
		</Row>
		<Row Tag="TXT_KEY_LEADERBOARD_PULLDOWN_TT" >
			<Text>Leaderboards for all currently installed game content, DLC, and mods.</Text>
		</Row>
		<Row Tag="TXT_KEY_LEADERBOARD_RANKING" >
			<Text>Ranking</Text>
		</Row>
		<Row Tag="TXT_KEY_LEADERBOARD_FRIENDS" >
			<Text>FRIENDS</Text>
		</Row>
		<Row Tag="TXT_KEY_LEADERBOARD_FRIENDS_TT" >
			<Text>Display leaderboard of you and your friends.</Text>
		</Row>
		<Row Tag="TXT_KEY_LEADERBOARD_PERSONAL" >
			<Text>PERSONAL</Text>
		</Row>
		<Row Tag="TXT_KEY_LEADERBOARD_PERSONAL_TT" >
			<Text>Display leaderboard of your position on the global leaderboard.</Text>
		</Row>
		<Row Tag="TXT_KEY_LEADERBOARD_GLOBAL" >
			<Text>GLOBAL</Text>
		</Row>
		<Row Tag="TXT_KEY_LEADERBOARD_GLOBAL_TT" >
			<Text>Display leaderboard of the top players in the world.</Text>
		</Row>
		<Row Tag="TXT_KEY_LEADERBOARD">
			<Text>LEADERBOARDS</Text>
		</Row>
		<Row Tag="TXT_KEY_LEADERBOARD_TT">
			<Text>Compare scores with your friends and the world (Requires Active Internet Connection).</Text>
		</Row>
		<Row Tag="TXT_KEY_LEADERBOARD_CIV5BASE_NAME">
			<Text>Civilization 5</Text>
		</Row>
		<Row Tag="TXT_KEY_LEADERBOARD_CIV5EXP1_NAME">
			<Text>Gods &amp; Kings</Text>
		</Row>
		<Row Tag="TXT_KEY_LEADERBOARD_CIV5EXP2_NAME">
			<Text>Brave New World</Text>
		</Row>
    <Row Tag="TXT_KEY_LEADERBOARD_REFRESH_TT">
      <Text>Retrieve the latest leaderboard scores.</Text>
    </Row>
    <!-- Leaderboard Screen End -->


		<!-- Change smtp Password Screen -->
		<Row Tag="TXT_KEY_MAIL_PASSWORD_USAGE_INFO">
			<Text>Civilization 5 does not save or transmit your email (SMTP) password for security reasons.  Please re-enter your email password.</Text>
		</Row>
		<Row Tag="TXT_KEY_NAME_REENTER_MAIL_PASSWORD">
			<Text>Reenter Your Email Password</Text>
		</Row>
		<!-- Change smtp Password Screen End -->

		<Row Tag="TXT_KEY_SAVE_GAME_CONFIGURATION_TT">
			<Text>Save the game startup configuration.</Text>
		</Row>

		<Row Tag="TXT_KEY_DEFAULT_GAME_CONFIGURATION_NAME">
			<Text>Game Configuration</Text>
		</Row>
		
		<Row Tag="TXT_KEY_UPDATING_GAME_DATA">
			<Text>Configuring Game Data... Please Wait.</Text>
		</Row>

	</Language_en_US>
</GameData>
