<?xml version="1.0" encoding="utf-8"?>
<Context ColorSet="Beige_Black" Font="TwCenMT22" FontStyle="Shadow" Name="MainMenu" >

	<Instance Name="SpacerInstance">
		<Box ID="Spacer" Size="50,36" Anchor="C,T" Color="0,0,0,0" />
	</Instance>
	
    <Instance Name="MajorTitleInstance">
        <Label ID="Text" Size="1024,36" Font="TwCenMT24" Anchor="C,T" />
    </Instance>

    <Instance Name="MinorTitleInstance">
        <Label ID="Text" Font="TwCenMT22" Anchor="C,T" />
    </Instance>

    <Instance Name="HeadingInstance">
        <Label ID="Text" Font="TwCenMT20" Anchor="C,T" FontStyle="Shadow" />
    </Instance>

    <Instance Name="EntryInstance">
        <Label ID="Text" Anchor="C,T" Font="TwCenMT14" />
    </Instance>
    
    <Box Style="BGBlock" ID="BGBlock" />

    <!-- <SlideAnim Anchor="c,c" End="0,-100" Cycle="Once" Speed=".5" ID="SlideAnim" >
    <Box ID="CreditsBox" Size="500,650" Color="255,255,255,255"/>
  </SlideAnim>-->

    <GridButton Size="260,36" Anchor="L,B" Offset="10,10" ID="BackButton" Style="BaseButton" String="TXT_KEY_BACK_BUTTON" />
	
	
	<Box Color="Black.0" Anchor="R,B" Offset="20.20" Size="200.200" Hidden="0" >
		<Stack Anchor="R,B" >
			<Image Anchor="L,B" Offset="0,0"  Texture="Assets/UI/Art/Logos/logo_fork.dds" Size="120,37" />
			<Label Anchor="L,B" ID="ForkCredit" Offset="0,10"  Font="TwCenMT14" WrapWidth="120" ColorSet="Beige_Black" String="TXT_KEY_CREDIT_FORK" />
			<Image Anchor="L,B" Offset="0,30"  Texture="Assets/UI/Art/Logos/logo_granny.dds" Size="120,78" />
			<Label Anchor="L,B" ID="GrannyCredit" Offset="0,10"  Font="TwCenMT14" WrapWidth="120" ColorSet="Beige_Black" String="TXT_KEY_CREDIT_GRANNY" />
		</Stack>
	</Box>

    <ScrollPanel Anchor="c,c" Size="1024,Full" ID="MajorScroll" Vertical="1" AutoScrollBar="0" >
        <Box Anchor="C,B" Offset="0,0" Size="1024,Full" Color="0,255,255,0" >
            <SlideAnim Anchor="c,c" Start="0,0" End="0,-46000" Cycle="Once" Speed="0.003" ID="SlideAnim" >
                <Stack  Anchor="C,T" ID="CreditsList" Offset="0,10" Padding="20" StackGrowth="Bottom">
                    <Box Size="1024,Full" Color="0,0,0,0" />
                </Stack>
            </SlideAnim>
        </Box>
    </ScrollPanel>

</Context>
